,Projections hist.,Projections,Corrected,Historical
1950-01-01,8.0,8.0,,5.0
1950-02-01,8.937822173508929,8.937822173508929,,5.6698729810778055
1950-03-01,11.499999999999996,11.499999999999996,,7.499999999999998
1950-04-01,14.999999999999998,14.999999999999998,,9.999999999999998
1950-05-01,18.499999999999996,18.499999999999996,,12.499999999999996
1950-06-01,21.062177826491073,21.062177826491073,,14.330127018922195
1950-07-01,22.0,22.0,,15.0
1950-08-01,21.062177826491073,21.062177826491073,,14.330127018922195
1950-09-01,18.500000000000004,18.500000000000004,,12.500000000000002
1950-10-01,15.000000000000002,15.000000000000002,,10.000000000000002
1950-11-01,11.499999999999995,11.499999999999995,,7.4999999999999964
1950-12-01,8.937822173508929,8.937822173508929,,5.6698729810778055
1951-01-01,8.0,8.0,,5.0
1951-02-01,8.937822173508927,8.937822173508927,,5.669872981077805
1951-03-01,11.499999999999991,11.499999999999991,,7.499999999999993
1951-04-01,14.999999999999984,14.999999999999984,,9.99999999999999
1951-05-01,18.499999999999993,18.499999999999993,,12.499999999999996
1951-06-01,21.062177826491073,21.062177826491073,,14.330127018922195
1951-07-01,22.0,22.0,,15.0
1951-08-01,21.062177826491073,21.062177826491073,,14.330127018922195
1951-09-01,18.5,18.5,,12.5
1951-10-01,15.000000000000004,15.000000000000004,,10.000000000000004
1951-11-01,11.500000000000007,11.500000000000007,,7.500000000000005
1951-12-01,8.937822173508936,8.937822173508936,,5.669872981077812
1952-01-01,8.0,8.0,,5.0
1952-02-01,8.937822173508925,8.937822173508925,,5.669872981077804
1952-03-01,11.50000000000001,11.50000000000001,,7.500000000000007
1952-04-01,14.999999999999982,14.999999999999982,,9.999999999999988
1952-05-01,18.500000000000004,18.500000000000004,,12.500000000000002
1952-06-01,21.06217782649107,21.06217782649107,,14.330127018922193
1952-07-01,22.0,22.0,,15.0
1952-08-01,21.062177826491073,21.062177826491073,,14.330127018922196
1952-09-01,18.50000000000001,18.50000000000001,,12.500000000000009
1952-10-01,14.999999999999993,14.999999999999993,,9.999999999999995
1952-11-01,11.499999999999998,11.499999999999998,,7.499999999999998
1952-12-01,8.93782217350893,8.93782217350893,,5.669872981077807
1953-01-01,8.0,8.0,,5.0
1953-02-01,8.937822173508923,8.937822173508923,,5.669872981077803
1953-03-01,11.499999999999988,11.499999999999988,,7.499999999999991
1953-04-01,14.99999999999998,14.99999999999998,,9.999999999999986
1953-05-01,18.5,18.5,,12.5
1953-06-01,21.06217782649106,21.06217782649106,,14.330127018922184
1953-07-01,22.0,22.0,,15.0
1953-08-01,21.062177826491077,21.062177826491077,,14.330127018922198
1953-09-01,18.500000000000014,18.500000000000014,,12.500000000000009
1953-10-01,14.999999999999995,14.999999999999995,,9.999999999999996
1953-11-01,11.500000000000021,11.500000000000021,,7.500000000000015
1953-12-01,8.93782217350893,8.93782217350893,,5.669872981077808
1954-01-01,8.0,8.0,,5.0
1954-02-01,8.937822173508923,8.937822173508923,,5.669872981077803
1954-03-01,11.500000000000007,11.500000000000007,,7.500000000000005
1954-04-01,14.999999999999979,14.999999999999979,,9.999999999999986
1954-05-01,18.5,18.5,,12.5
1954-06-01,21.06217782649107,21.06217782649107,,14.330127018922191
1954-07-01,22.0,22.0,,15.0
1954-08-01,21.062177826491066,21.062177826491066,,14.33012701892219
1954-09-01,18.500000000000014,18.500000000000014,,12.50000000000001
1954-10-01,14.999999999999996,14.999999999999996,,9.999999999999998
1954-11-01,11.499999999999979,11.499999999999979,,7.499999999999985
1954-12-01,8.937822173508932,8.937822173508932,,5.669872981077809
1955-01-01,8.0,8.0,,5.0
1955-02-01,8.937822173508923,8.937822173508923,,5.669872981077802
1955-03-01,11.500000000000005,11.500000000000005,,7.5000000000000036
1955-04-01,15.000000000000027,15.000000000000027,,10.00000000000002
1955-05-01,18.499999999999954,18.499999999999954,,12.499999999999968
1955-06-01,21.062177826491055,21.062177826491055,,14.330127018922182
1955-07-01,22.0,22.0,,15.0
1955-08-01,21.062177826491066,21.062177826491066,,14.33012701892219
1955-09-01,18.49999999999997,18.49999999999997,,12.49999999999998
1955-10-01,15.000000000000048,15.000000000000048,,10.000000000000034
1955-11-01,11.500000000000023,11.500000000000023,,7.500000000000017
1955-12-01,8.937822173508934,8.937822173508934,,5.669872981077809
1956-01-01,8.0,8.0,,5.0
1956-02-01,8.937822173508897,8.937822173508897,,5.669872981077784
1956-03-01,11.499999999999961,11.499999999999961,,7.4999999999999725
1956-04-01,14.999999999999975,14.999999999999975,,9.999999999999982
1956-05-01,18.499999999999996,18.499999999999996,,12.499999999999998
1956-06-01,21.06217782649108,21.06217782649108,,14.330127018922198
1956-07-01,22.0,22.0,,15.0
1956-08-01,21.06217782649109,21.06217782649109,,14.330127018922209
1956-09-01,18.500000000000018,18.500000000000018,,12.500000000000012
1956-10-01,15.0,15.0,,10.0
1956-11-01,11.500000000000068,11.500000000000068,,7.500000000000049
1956-12-01,8.93782217350891,8.93782217350891,,5.669872981077792
1957-01-01,8.0,8.0,,5.0
1957-02-01,8.937822173508922,8.937822173508922,,5.669872981077801
1957-03-01,11.500000000000004,11.500000000000004,,7.500000000000002
1957-04-01,14.999999999999925,14.999999999999925,,9.999999999999947
1957-05-01,18.499999999999954,18.499999999999954,,12.499999999999966
1957-06-01,21.06217782649105,21.06217782649105,,14.33012701892218
1957-07-01,22.0,22.0,,15.0
1957-08-01,21.062177826491066,21.062177826491066,,14.330127018922191
1957-09-01,18.500000000000064,18.500000000000064,,12.500000000000044
1957-10-01,15.000000000000052,15.000000000000052,,10.000000000000037
1957-11-01,11.500000000000027,11.500000000000027,,7.5000000000000195
1957-12-01,8.937822173508934,8.937822173508934,,5.669872981077811
1958-01-01,8.0,8.0,,5.0
1958-02-01,8.937822173508895,8.937822173508895,,5.669872981077782
1958-03-01,11.49999999999996,11.49999999999996,,7.499999999999971
1958-04-01,14.999999999999973,14.999999999999973,,9.99999999999998
1958-05-01,18.499999999999993,18.499999999999993,,12.499999999999996
1958-06-01,21.062177826491077,21.062177826491077,,14.330127018922198
1958-07-01,22.0,22.0,,15.0
1958-08-01,21.062177826491094,21.062177826491094,,14.330127018922209
1958-09-01,18.50000000000002,18.50000000000002,,12.500000000000014
1958-10-01,15.000000000000004,15.000000000000004,,10.000000000000002
1958-11-01,11.499999999999986,11.499999999999986,,7.499999999999989
1958-12-01,8.937822173508959,8.937822173508959,,5.6698729810778286
1959-01-01,8.0,8.0,,5.0
1959-02-01,8.93782217350892,8.93782217350892,,5.669872981077799
1959-03-01,11.5,11.5,,7.5
1959-04-01,15.000000000000021,15.000000000000021,,10.000000000000014
1959-05-01,18.49999999999995,18.49999999999995,,12.499999999999964
1959-06-01,21.06217782649105,21.06217782649105,,14.33012701892218
1959-07-01,22.0,22.0,,15.0
1959-08-01,21.06217782649107,21.06217782649107,,14.330127018922191
1959-09-01,18.49999999999998,18.49999999999998,,12.499999999999986
1959-10-01,15.000000000000055,15.000000000000055,,10.000000000000039
1959-11-01,11.50000000000003,11.50000000000003,,7.500000000000021
1959-12-01,8.937822173508936,8.937822173508936,,5.669872981077812
1960-01-01,8.0,8.0,,5.0
1960-02-01,8.937822173508943,8.937822173508943,,5.669872981077816
1960-03-01,11.499999999999956,11.499999999999956,,7.499999999999968
1960-04-01,14.99999999999997,14.99999999999997,,9.999999999999979
1960-05-01,18.499999999999993,18.499999999999993,,12.499999999999993
1960-06-01,21.062177826491077,21.062177826491077,,14.330127018922198
1960-07-01,22.0,22.0,,15.0
1960-08-01,21.062177826491045,21.062177826491045,,14.330127018922175
1960-09-01,18.500000000000025,18.500000000000025,,12.500000000000018
1960-10-01,15.000000000000007,15.000000000000007,,10.000000000000005
1960-11-01,11.49999999999999,11.49999999999999,,7.499999999999991
1960-12-01,8.937822173508913,8.937822173508913,,5.669872981077795
1961-01-01,8.0,8.0,,5.0
1961-02-01,8.937822173508916,8.937822173508916,,5.669872981077798
1961-03-01,11.499999999999996,11.499999999999996,,7.499999999999998
1961-04-01,15.000000000000018,15.000000000000018,,10.000000000000012
1961-05-01,18.500000000000032,18.500000000000032,,12.500000000000023
1961-06-01,21.0621778264911,21.0621778264911,,14.330127018922214
1961-07-01,22.0,22.0,,15.0
1961-08-01,21.06217782649107,21.06217782649107,,14.330127018922193
1961-09-01,18.499999999999982,18.499999999999982,,12.499999999999988
1961-10-01,15.000000000000059,15.000000000000059,,10.00000000000004
1961-11-01,11.499999999999947,11.499999999999947,,7.499999999999962
1961-12-01,8.937822173508938,8.937822173508938,,5.6698729810778135
1962-01-01,8.0,8.0,,5.0
1962-02-01,8.937822173508941,8.937822173508941,,5.669872981077815
1962-03-01,11.499999999999952,11.499999999999952,,7.499999999999966
1962-04-01,15.000000000000066,15.000000000000066,,10.000000000000046
1962-05-01,18.49999999999999,18.49999999999999,,12.499999999999991
1962-06-01,21.062177826491073,21.062177826491073,,14.330127018922195
1962-07-01,22.0,22.0,,15.0
1962-08-01,21.062177826491094,21.062177826491094,,14.330127018922212
1962-09-01,18.50000000000003,18.50000000000003,,12.500000000000018
1962-10-01,15.00000000000001,15.00000000000001,,10.000000000000007
1962-11-01,11.499999999999991,11.499999999999991,,7.499999999999994
1962-12-01,8.937822173508915,8.937822173508915,,5.669872981077796
1963-01-01,8.0,8.0,,5.0
1963-02-01,8.937822173508916,8.937822173508916,,5.669872981077797
1963-03-01,11.499999999999993,11.499999999999993,,7.499999999999996
1963-04-01,15.000000000000014,15.000000000000014,,10.00000000000001
1963-05-01,18.50000000000003,18.50000000000003,,12.500000000000021
1963-06-01,21.062177826491048,21.062177826491048,,14.330127018922177
1963-07-01,22.0,22.0,,15.0
1963-08-01,21.062177826491073,21.062177826491073,,14.330127018922195
1963-09-01,18.50000000000007,18.50000000000007,,12.500000000000052
1963-10-01,15.000000000000062,15.000000000000062,,10.000000000000044
1963-11-01,11.49999999999995,11.49999999999995,,7.4999999999999645
1963-12-01,8.937822173508891,8.937822173508891,,5.669872981077779
1964-01-01,8.0,8.0,,5.0
1964-02-01,8.937822173508941,8.937822173508941,,5.669872981077814
1964-03-01,11.500000000000036,11.500000000000036,,7.500000000000026
1964-04-01,14.999999999999963,14.999999999999963,,9.999999999999973
1964-05-01,18.499999999999986,18.499999999999986,,12.49999999999999
1964-06-01,21.062177826491073,21.062177826491073,,14.330127018922195
1964-07-01,22.0,22.0,,15.0
1964-08-01,21.062177826491098,21.062177826491098,,14.330127018922212
1964-09-01,18.50000000000003,18.50000000000003,,12.500000000000021
1964-10-01,14.999999999999915,14.999999999999915,,9.99999999999994
1964-11-01,11.499999999999993,11.499999999999993,,7.499999999999996
1964-12-01,8.937822173508916,8.937822173508916,,5.669872981077797
1965-01-01,8.0,8.0,,5.0
1965-02-01,8.937822173508915,8.937822173508915,,5.669872981077796
1965-03-01,11.499999999999991,11.499999999999991,,7.499999999999994
1965-04-01,15.00000000000001,15.00000000000001,,10.000000000000007
1965-05-01,18.49999999999994,18.49999999999994,,12.499999999999957
1965-06-01,21.062177826491045,21.062177826491045,,14.330127018922177
1965-07-01,22.0,22.0,,15.0
1965-08-01,21.062177826491023,21.062177826491023,,14.330127018922159
1965-09-01,18.49999999999999,18.49999999999999,,12.499999999999991
1965-10-01,14.999999999999966,14.999999999999966,,9.999999999999975
1965-11-01,11.499999999999952,11.499999999999952,,7.499999999999966
1965-12-01,8.937822173508941,8.937822173508941,,5.669872981077815
1966-01-01,8.0,8.0,,5.0
1966-02-01,8.937822173508938,8.937822173508938,,5.6698729810778135
1966-03-01,11.499999999999947,11.499999999999947,,7.499999999999962
1966-04-01,14.99999999999996,14.99999999999996,,9.99999999999997
1966-05-01,18.499999999999982,18.499999999999982,,12.499999999999988
1966-06-01,21.062177826491023,21.062177826491023,,14.330127018922159
1966-07-01,22.0,22.0,,15.0
1966-08-01,21.06217782649105,21.06217782649105,,14.330127018922179
1966-09-01,18.499999999999947,18.499999999999947,,12.499999999999961
1966-10-01,15.000000000000018,15.000000000000018,,10.000000000000012
1966-11-01,11.499999999999996,11.499999999999996,,7.499999999999998
1966-12-01,8.937822173508916,8.937822173508916,,5.669872981077798
1967-01-01,8.0,8.0,,5.0
1967-02-01,8.937822173508913,8.937822173508913,,5.669872981077795
1967-03-01,11.49999999999999,11.49999999999999,,7.499999999999991
1967-04-01,14.999999999999908,14.999999999999908,,9.999999999999934
1967-05-01,18.500000000000025,18.500000000000025,,12.500000000000018
1967-06-01,21.062177826491094,21.062177826491094,,14.33012701892221
1967-07-01,22.0,22.0,,15.0
1967-08-01,21.062177826491077,21.062177826491077,,14.330127018922198
1967-09-01,18.499999999999993,18.499999999999993,,12.499999999999993
1967-10-01,14.99999999999997,14.99999999999997,,9.999999999999979
1967-11-01,11.500000000000043,11.500000000000043,,7.50000000000003
1967-12-01,8.937822173508943,8.937822173508943,,5.669872981077816
1968-01-01,8.0,8.0,,5.0
1968-02-01,8.937822173508886,8.937822173508886,,5.669872981077776
1968-03-01,11.499999999999943,11.499999999999943,,7.499999999999959
1968-04-01,15.000000000000055,15.000000000000055,,10.000000000000039
1968-05-01,18.500000000000064,18.500000000000064,,12.500000000000046
1968-06-01,21.06217782649107,21.06217782649107,,14.330127018922191
1968-07-01,22.0,22.0,,15.0
1968-08-01,21.06217782649105,21.06217782649105,,14.33012701892218
1968-09-01,18.500000000000036,18.500000000000036,,12.500000000000025
1968-10-01,15.000000000000021,15.000000000000021,,10.000000000000014
1968-11-01,11.5,11.5,,7.5
1968-12-01,8.93782217350897,8.93782217350897,,5.669872981077835
1969-01-01,8.0,8.0,,5.0
1969-02-01,8.93782217350891,8.93782217350891,,5.669872981077793
1969-03-01,11.500000000000071,11.500000000000071,,7.5000000000000515
1969-04-01,15.000000000000004,15.000000000000004,,10.000000000000002
1969-05-01,18.50000000000002,18.50000000000002,,12.500000000000014
1969-06-01,21.062177826491094,21.062177826491094,,14.330127018922209
1969-07-01,22.0,22.0,,15.0
1969-08-01,21.062177826491077,21.062177826491077,,14.330127018922198
1969-09-01,18.499999999999993,18.499999999999993,,12.499999999999996
1969-10-01,15.000000000000073,15.000000000000073,,10.000000000000052
1969-11-01,11.500000000000044,11.500000000000044,,7.500000000000032
1969-12-01,8.937822173508945,8.937822173508945,,5.669872981077818
1970-01-01,8.0,8.0,,5.0
1970-02-01,8.937822173508934,8.937822173508934,,5.669872981077811
1970-03-01,11.499999999999941,11.499999999999941,,7.499999999999957
1970-04-01,15.000000000000052,15.000000000000052,,10.000000000000037
1970-05-01,18.499999999999975,18.499999999999975,,12.499999999999982
1970-06-01,21.062177826491016,21.062177826491016,,14.330127018922155
1970-07-01,22.0,22.0,,15.0
1970-08-01,21.0621778264911,21.0621778264911,,14.330127018922216
1970-09-01,18.500000000000124,18.500000000000124,,12.500000000000089
1970-10-01,15.000000000000224,15.000000000000224,,10.00000000000016
1970-11-01,11.500000000000089,11.500000000000089,,7.500000000000064
1970-12-01,8.937822173508922,8.937822173508922,,5.669872981077801
1971-01-01,8.0,8.0,,5.0
1971-02-01,8.93782217350886,8.93782217350886,,5.669872981077757
1971-03-01,11.499999999999982,11.499999999999982,,7.499999999999988
1971-04-01,14.9999999999999,14.9999999999999,,9.999999999999929
1971-05-01,18.499999999999844,18.499999999999844,,12.49999999999989
1971-06-01,21.06217782649104,21.06217782649104,,14.330127018922173
1971-07-01,22.0,22.0,,15.0
1971-08-01,21.06217782649118,21.06217782649118,,14.33012701892227
1971-09-01,18.50000000000008,18.50000000000008,,12.50000000000006
1971-10-01,15.000000000000174,15.000000000000174,,10.000000000000124
1971-11-01,11.500000000000048,11.500000000000048,,7.500000000000034
1971-12-01,8.937822173508996,8.937822173508996,,5.669872981077855
1972-01-01,8.0,8.0,,5.0
1972-02-01,8.937822173508884,8.937822173508884,,5.6698729810777735
1972-03-01,11.49999999999985,11.49999999999985,,7.499999999999893
1972-04-01,14.999999999999948,14.999999999999948,,9.999999999999963
1972-05-01,18.499999999999886,18.499999999999886,,12.499999999999918
1972-06-01,21.062177826490966,21.062177826490966,,14.330127018922118
1972-07-01,22.0,22.0,,15.0
1972-08-01,21.062177826491155,21.062177826491155,,14.330127018922253
1972-09-01,18.500000000000043,18.500000000000043,,12.500000000000028
1972-10-01,15.000000000000126,15.000000000000126,,10.00000000000009
1972-11-01,11.500000000000005,11.500000000000005,,7.5000000000000036
1972-12-01,8.937822173508973,8.937822173508973,,5.669872981077837
1973-01-01,8.0,8.0,,5.0
1973-02-01,8.937822173508907,8.937822173508907,,5.669872981077791
1973-03-01,11.499999999999893,11.499999999999893,,7.499999999999924
1973-04-01,14.999999999999797,14.999999999999797,,9.999999999999856
1973-05-01,18.49999999999993,18.49999999999993,,12.499999999999948
1973-06-01,21.06217782649099,21.06217782649099,,14.330127018922136
1973-07-01,22.0,22.0,,15.0
1973-08-01,21.06217782649113,21.06217782649113,,14.330127018922237
1973-09-01,18.5,18.5,,12.5
1973-10-01,15.000000000000078,15.000000000000078,,10.000000000000057
1973-11-01,11.500000000000137,11.500000000000137,,7.500000000000098
1973-12-01,8.937822173508948,8.937822173508948,,5.669872981077821
1974-01-01,8.0,8.0,,5.0
1974-02-01,8.937822173508831,8.937822173508831,,5.669872981077737
1974-03-01,11.499999999999934,11.499999999999934,,7.499999999999954
1974-04-01,14.999999999999845,14.999999999999845,,9.99999999999989
1974-05-01,18.499999999999797,18.499999999999797,,12.499999999999856
1974-06-01,21.062177826491016,21.062177826491016,,14.330127018922152
1974-07-01,22.0,22.0,,15.0
1974-08-01,21.06217782649111,21.06217782649111,,14.33012701892222
1974-09-01,18.50000000000013,18.50000000000013,,12.500000000000092
1974-10-01,15.00000000000003,15.00000000000003,,10.000000000000021
1974-11-01,11.500000000000096,11.500000000000096,,7.5000000000000675
1974-12-01,8.937822173509023,8.937822173509023,,5.669872981077874
1975-01-01,8.0,8.0,,5.0
1975-02-01,8.937822173508856,8.937822173508856,,5.669872981077754
1975-03-01,11.499999999999805,11.499999999999805,,7.49999999999986
1975-04-01,14.999999999999893,14.999999999999893,,9.999999999999924
1975-05-01,18.49999999999984,18.49999999999984,,12.499999999999886
1975-06-01,21.062177826491038,21.062177826491038,,14.33012701892217
1975-07-01,22.0,22.0,,15.0
1975-08-01,21.062177826491084,21.062177826491084,,14.330127018922202
1975-09-01,18.50000000000009,18.50000000000009,,12.500000000000064
1975-10-01,15.000000000000181,15.000000000000181,,10.00000000000013
1975-11-01,11.500000000000053,11.500000000000053,,7.500000000000038
1975-12-01,8.937822173509,8.937822173509,,5.669872981077857
1976-01-01,8.0,8.0,,5.0
1976-02-01,8.93782217350888,8.93782217350888,,5.669872981077772
1976-03-01,11.499999999999845,11.499999999999845,,7.49999999999989
1976-04-01,14.999999999999941,14.999999999999941,,9.99999999999996
1976-05-01,18.49999999999988,18.49999999999988,,12.499999999999915
1976-06-01,21.062177826491062,21.062177826491062,,14.330127018922187
1976-07-01,22.0,22.0,,15.0
1976-08-01,21.06217782649116,21.06217782649116,,14.330127018922255
1976-09-01,18.500000000000046,18.500000000000046,,12.500000000000034
1976-10-01,15.000000000000133,15.000000000000133,,10.000000000000096
1976-11-01,11.500000000000185,11.500000000000185,,7.5000000000001315
1976-12-01,8.937822173508977,8.937822173508977,,5.66987298107784
1977-01-01,8.0,8.0,,5.0
1977-02-01,8.937822173508804,8.937822173508804,,5.6698729810777175
1977-03-01,11.499999999999886,11.499999999999886,,7.49999999999992
1977-04-01,14.99999999999999,14.99999999999999,,9.999999999999993
1977-05-01,18.49999999999975,18.49999999999975,,12.499999999999822
1977-06-01,21.062177826490988,21.062177826490988,,14.330127018922134
1977-07-01,22.0,22.0,,15.0
1977-08-01,21.062177826491133,21.062177826491133,,14.330127018922239
1977-09-01,18.500000000000007,18.500000000000007,,12.500000000000004
1977-10-01,15.000000000000085,15.000000000000085,,10.00000000000006
1977-11-01,11.499999999999972,11.499999999999972,,7.499999999999979
1977-12-01,8.937822173509051,8.937822173509051,,5.669872981077893
1978-01-01,8.0,8.0,,5.0
1978-02-01,8.937822173508827,8.937822173508827,,5.669872981077734
1978-03-01,11.499999999999929,11.499999999999929,,7.4999999999999485
1978-04-01,14.999999999999838,14.999999999999838,,9.999999999999885
1978-05-01,18.499999999999964,18.499999999999964,,12.499999999999975
1978-06-01,21.06217782649091,21.06217782649091,,14.330127018922079
1978-07-01,22.0,22.0,,15.0
1978-08-01,21.06217782649111,21.06217782649111,,14.330127018922221
1978-09-01,18.500000000000135,18.500000000000135,,12.500000000000098
1978-10-01,15.000000000000037,15.000000000000037,,10.000000000000027
1978-11-01,11.500000000000101,11.500000000000101,,7.500000000000072
1978-12-01,8.937822173508927,8.937822173508927,,5.6698729810778055
1979-01-01,8.0,8.0,,5.0
1979-02-01,8.937822173508852,8.937822173508852,,5.669872981077751
1979-03-01,11.499999999999797,11.499999999999797,,7.499999999999856
1979-04-01,14.999999999999886,14.999999999999886,,9.999999999999918
1979-05-01,18.499999999999833,18.499999999999833,,12.499999999999881
1979-06-01,21.062177826491034,21.062177826491034,,14.330127018922168
1979-07-01,22.0,22.0,,15.0
1979-08-01,21.062177826491187,21.062177826491187,,14.330127018922276
1979-09-01,18.500000000000096,18.500000000000096,,12.500000000000068
1979-10-01,15.000000000000188,15.000000000000188,,10.000000000000135
1979-11-01,11.50000000000006,11.50000000000006,,7.500000000000043
1979-12-01,8.937822173509003,8.937822173509003,,5.669872981077859
1980-01-01,8.0,8.0,,5.0
1980-02-01,8.937822173508778,8.937822173508778,,5.669872981077698
1980-03-01,11.49999999999984,11.49999999999984,,7.499999999999885
1980-04-01,14.999999999999934,14.999999999999934,,9.999999999999954
1980-05-01,18.499999999999876,18.499999999999876,,12.499999999999911
1980-06-01,21.06217782649106,21.06217782649106,,14.330127018922184
1980-07-01,22.0,22.0,,15.0
1980-08-01,21.062177826491062,21.062177826491062,,14.330127018922187
1980-09-01,18.500000000000227,18.500000000000227,,12.50000000000016
1980-10-01,15.00000000000014,15.00000000000014,,10.000000000000101
1980-11-01,11.50000000000019,11.50000000000019,,7.500000000000136
1980-12-01,8.93782217350898,8.93782217350898,,5.669872981077843
1981-01-01,8.0,8.0,,5.0
1981-02-01,8.9378221735089,8.9378221735089,,5.669872981077786
1981-03-01,11.500000000000053,11.500000000000053,,7.500000000000038
1981-04-01,14.999999999999783,14.999999999999783,,9.999999999999845
1981-05-01,18.49999999999992,18.49999999999992,,12.49999999999994
1981-06-01,21.062177826490984,21.062177826490984,,14.33012701892213
1981-07-01,22.0,22.0,,15.0
1981-08-01,21.062177826491137,21.062177826491137,,14.33012701892224
1981-09-01,18.50000000000001,18.50000000000001,,12.500000000000009
1981-10-01,15.000000000000291,15.000000000000291,,10.000000000000208
1981-11-01,11.50000000000015,11.50000000000015,,7.500000000000107
1981-12-01,8.937822173509055,8.937822173509055,,5.669872981077896
1982-01-01,8.0,8.0,,5.0
1982-02-01,8.937822173508923,8.937822173508923,,5.669872981077803
1982-03-01,11.499999999999924,11.499999999999924,,7.499999999999945
1982-04-01,15.00000000000003,15.00000000000003,,10.000000000000021
1982-05-01,18.499999999999787,18.499999999999787,,12.499999999999847
1982-06-01,21.06217782649101,21.06217782649101,,14.330127018922148
1982-07-01,22.0,22.0,,15.0
1982-08-01,21.062177826491116,21.062177826491116,,14.330127018922223
1982-09-01,18.500000000000142,18.500000000000142,,12.500000000000101
1982-10-01,15.000000000000044,15.000000000000044,,10.000000000000032
1982-11-01,11.500000000000279,11.500000000000279,,7.500000000000199
1982-12-01,8.93782217350903,8.93782217350903,,5.669872981077879
1983-01-01,8.0,8.0,,5.0
1983-02-01,8.937822173508849,8.937822173508849,,5.6698729810777495
1983-03-01,11.499999999999964,11.499999999999964,,7.499999999999974
1983-04-01,14.99999999999988,14.99999999999988,,9.999999999999915
1983-05-01,18.5,18.5,,12.5
1983-06-01,21.06217782649093,21.06217782649093,,14.330127018922095
1983-07-01,22.0,22.0,,15.0
1983-08-01,21.06217782649119,21.06217782649119,,14.330127018922278
1983-09-01,18.5000000000001,18.5000000000001,,12.500000000000071
1983-10-01,15.000000000000195,15.000000000000195,,10.00000000000014
1983-11-01,11.500000000000066,11.500000000000066,,7.500000000000046
1983-12-01,8.937822173508907,8.937822173508907,,5.669872981077791
1984-01-01,8.0,8.0,,5.0
1984-02-01,8.937822173508874,8.937822173508874,,5.669872981077766
1984-03-01,11.499999999999833,11.499999999999833,,7.499999999999881
1984-04-01,14.999999999999927,14.999999999999927,,9.999999999999948
1984-05-01,18.49999999999987,18.49999999999987,,12.499999999999908
1984-06-01,21.062177826491055,21.062177826491055,,14.330127018922182
1984-07-01,22.0,22.0,,15.0
1984-08-01,21.062177826491165,21.062177826491165,,14.33012701892226
1984-09-01,18.50000000000006,18.50000000000006,,12.500000000000043
1984-10-01,15.000000000000147,15.000000000000147,,10.000000000000105
1984-11-01,11.500000000000023,11.500000000000023,,7.500000000000017
1984-12-01,8.937822173508984,8.937822173508984,,5.6698729810778445
1985-01-01,8.0,8.0,,5.0
1985-02-01,8.937822173508797,8.937822173508797,,5.669872981077713
1985-03-01,11.499999999999876,11.499999999999876,,7.499999999999911
1985-04-01,14.999999999999776,14.999999999999776,,9.99999999999984
1985-05-01,18.49999999999991,18.49999999999991,,12.499999999999936
1985-06-01,21.06217782649098,21.06217782649098,,14.330127018922129
1985-07-01,22.0,22.0,,15.0
1985-08-01,21.06217782649104,21.06217782649104,,14.330127018922173
1985-09-01,18.500000000000192,18.500000000000192,,12.500000000000135
1985-10-01,15.0000000000001,15.0000000000001,,10.000000000000071
1985-11-01,11.500000000000155,11.500000000000155,,7.50000000000011
1985-12-01,8.937822173508959,8.937822173508959,,5.669872981077828
1986-01-01,8.0,8.0,,5.0
1986-02-01,8.937822173508922,8.937822173508922,,5.669872981077801
1986-03-01,11.499999999999744,11.499999999999744,,7.499999999999817
1986-04-01,14.999999999999826,14.999999999999826,,9.999999999999876
1986-05-01,18.49999999999978,18.49999999999978,,12.499999999999844
1986-06-01,21.062177826491002,21.062177826491002,,14.330127018922145
1986-07-01,22.0,22.0,,15.0
1986-08-01,21.062177826491116,21.062177826491116,,14.330127018922227
1986-09-01,18.499999999999975,18.499999999999975,,12.499999999999982
1986-10-01,15.00000000000025,15.00000000000025,,10.00000000000018
1986-11-01,11.500000000000114,11.500000000000114,,7.500000000000081
1986-12-01,8.937822173509034,8.937822173509034,,5.669872981077882
1987-01-01,8.0,8.0,,5.0
1987-02-01,8.937822173508845,8.937822173508845,,5.669872981077747
1987-03-01,11.49999999999996,11.49999999999996,,7.499999999999971
1987-04-01,14.999999999999675,14.999999999999675,,9.999999999999767
1987-05-01,18.499999999999822,18.499999999999822,,12.499999999999872
1987-06-01,21.062177826491027,21.062177826491027,,14.330127018922163
1987-07-01,22.0,22.0,,15.0
1987-08-01,21.062177826491094,21.062177826491094,,14.330127018922209
1987-09-01,18.500000000000107,18.500000000000107,,12.500000000000076
1987-10-01,15.000000000000004,15.000000000000004,,10.000000000000002
1987-11-01,11.500000000000243,11.500000000000243,,7.500000000000174
1987-12-01,8.937822173509009,8.937822173509009,,5.669872981077864
1988-01-01,8.0,8.0,,5.0
1988-02-01,8.93782217350887,8.93782217350887,,5.669872981077764
1988-03-01,11.499999999999828,11.499999999999828,,7.4999999999998765
1988-04-01,14.999999999999922,14.999999999999922,,9.999999999999943
1988-05-01,18.500000000000036,18.500000000000036,,12.500000000000025
1988-06-01,21.062177826490952,21.062177826490952,,14.33012701892211
1988-07-01,22.0,22.0,,15.0
1988-08-01,21.06217782649117,21.06217782649117,,14.330127018922262
1988-09-01,18.500000000000064,18.500000000000064,,12.500000000000046
1988-10-01,15.000000000000155,15.000000000000155,,10.00000000000011
1988-11-01,11.500000000000028,11.500000000000028,,7.500000000000021
1988-12-01,8.937822173509085,8.937822173509085,,5.669872981077918
1989-01-01,8.0,8.0,,5.0
1989-02-01,8.937822173508794,8.937822173508794,,5.6698729810777095
1989-03-01,11.499999999999869,11.499999999999869,,7.499999999999907
1989-04-01,14.99999999999997,14.99999999999997,,9.999999999999979
1989-05-01,18.499999999999904,18.499999999999904,,12.499999999999932
1989-06-01,21.062177826491077,21.062177826491077,,14.330127018922198
1989-07-01,22.0,22.0,,15.0
1989-08-01,21.062177826491144,21.062177826491144,,14.330127018922246
1989-09-01,18.500000000000195,18.500000000000195,,12.50000000000014
1989-10-01,15.000000000000107,15.000000000000107,,10.000000000000076
1989-11-01,11.50000000000016,11.50000000000016,,7.500000000000115
1989-12-01,8.937822173508962,8.937822173508962,,5.669872981077829
1990-01-01,8.0,8.0,,5.0
1990-02-01,8.937822173508817,8.937822173508817,,5.669872981077727
1990-03-01,11.499999999999911,11.499999999999911,,7.499999999999936
1990-04-01,14.999999999999819,14.999999999999819,,9.99999999999987
1990-05-01,18.499999999999947,18.499999999999947,,12.499999999999961
1990-06-01,21.0621778264911,21.0621778264911,,14.330127018922214
1990-07-01,22.0,22.0,,15.0
1990-08-01,21.06217782649112,21.06217782649112,,14.330127018922228
1990-09-01,18.499999999999982,18.499999999999982,,12.499999999999988
1990-10-01,15.000000000000258,15.000000000000258,,10.000000000000183
1990-11-01,11.500000000000119,11.500000000000119,,7.500000000000085
1990-12-01,8.937822173508938,8.937822173508938,,5.6698729810778135
1991-01-01,8.0,8.0,,5.0
1991-02-01,8.937822173508842,8.937822173508842,,5.669872981077744
1991-03-01,11.499999999999952,11.499999999999952,,7.499999999999966
1991-04-01,15.000000000000066,15.000000000000066,,10.000000000000046
1991-05-01,18.499999999999815,18.499999999999815,,12.499999999999869
1991-06-01,21.062177826491023,21.062177826491023,,14.330127018922159
1991-07-01,22.0,22.0,,15.0
1991-08-01,21.062177826491194,21.062177826491194,,14.330127018922283
1991-09-01,18.500000000000114,18.500000000000114,,12.50000000000008
1991-10-01,15.00000000000001,15.00000000000001,,10.000000000000007
1991-11-01,11.499999999999904,11.499999999999904,,7.4999999999999325
1991-12-01,8.937822173509014,8.937822173509014,,5.669872981077867
1992-01-01,8.0,8.0,,5.0
1992-02-01,8.937822173508767,8.937822173508767,,5.66987298107769
1992-03-01,11.499999999999822,11.499999999999822,,7.499999999999873
1992-04-01,14.999999999999915,14.999999999999915,,9.99999999999994
1992-05-01,18.50000000000003,18.50000000000003,,12.500000000000021
1992-06-01,21.06217782649095,21.06217782649095,,14.330127018922106
1992-07-01,22.0,22.0,,15.0
1992-08-01,21.062177826491272,21.062177826491272,,14.330127018922337
1992-09-01,18.50000000000024,18.50000000000024,,12.500000000000174
1992-10-01,15.000000000000162,15.000000000000162,,10.000000000000115
1992-11-01,11.500000000000036,11.500000000000036,,7.500000000000026
1992-12-01,8.937822173508891,8.937822173508891,,5.669872981077779
1993-01-01,8.0,8.0,,5.0
1993-02-01,8.937822173508891,8.937822173508891,,5.669872981077779
1993-03-01,11.499999999999691,11.499999999999691,,7.499999999999779
1993-04-01,14.999999999999764,14.999999999999764,,9.999999999999831
1993-05-01,18.4999999999999,18.4999999999999,,12.499999999999929
1993-06-01,21.062177826491073,21.062177826491073,,14.330127018922195
1993-07-01,22.0,22.0,,15.0
1993-08-01,21.062177826491148,21.062177826491148,,14.330127018922248
1993-09-01,18.50000000000003,18.50000000000003,,12.500000000000021
1993-10-01,15.000000000000313,15.000000000000313,,10.000000000000224
1993-11-01,11.500000000000167,11.500000000000167,,7.500000000000119
1993-12-01,8.937822173508966,8.937822173508966,,5.669872981077832
1994-01-01,8.0,8.0,,5.0
1994-02-01,8.937822173508815,8.937822173508815,,5.669872981077725
1994-03-01,11.499999999999904,11.499999999999904,,7.4999999999999325
1994-04-01,14.999999999999613,14.999999999999613,,9.999999999999723
1994-05-01,18.49999999999977,18.49999999999977,,12.499999999999835
1994-06-01,21.062177826490995,21.062177826490995,,14.330127018922141
1994-07-01,22.0,22.0,,15.0
1994-08-01,21.062177826491023,21.062177826491023,,14.330127018922159
1994-09-01,18.50000000000016,18.50000000000016,,12.500000000000114
1994-10-01,15.000000000000066,15.000000000000066,,10.000000000000046
1994-11-01,11.500000000000297,11.500000000000297,,7.500000000000212
1994-12-01,8.93782217350904,8.93782217350904,,5.669872981077886
1995-01-01,8.0,8.0,,5.0
1995-02-01,8.937822173508938,8.937822173508938,,5.6698729810778135
1995-03-01,11.499999999999774,11.499999999999774,,7.499999999999839
1995-04-01,14.99999999999986,14.99999999999986,,9.999999999999899
1995-05-01,18.499999999999982,18.499999999999982,,12.499999999999988
1995-06-01,21.062177826490924,21.062177826490924,,14.330127018922088
1995-07-01,22.0,22.0,,15.0
1995-08-01,21.0621778264911,21.0621778264911,,14.330127018922214
1995-09-01,18.499999999999947,18.499999999999947,,12.499999999999961
1995-10-01,15.000000000000217,15.000000000000217,,10.000000000000155
1995-11-01,11.500000000000083,11.500000000000083,,7.5000000000000595
1995-12-01,8.937822173509115,8.937822173509115,,5.6698729810779405
1996-01-01,8.0,8.0,,5.0
1996-02-01,8.937822173508863,8.937822173508863,,5.669872981077759
1996-03-01,11.49999999999999,11.49999999999999,,7.499999999999991
1996-04-01,15.000000000000107,15.000000000000107,,10.000000000000076
1996-05-01,18.49999999999985,18.49999999999985,,12.499999999999893
1996-06-01,21.062177826491045,21.062177826491045,,14.330127018922175
1996-07-01,22.0,22.0,,15.0
1996-08-01,21.062177826491176,21.062177826491176,,14.33012701892227
1996-09-01,18.500000000000078,18.500000000000078,,12.500000000000055
1996-10-01,14.99999999999997,14.99999999999997,,9.999999999999979
1996-11-01,11.500000000000213,11.500000000000213,,7.500000000000153
1996-12-01,8.937822173508993,8.937822173508993,,5.669872981077852
1997-01-01,8.0,8.0,,5.0
1997-02-01,8.937822173508787,8.937822173508787,,5.669872981077705
1997-03-01,11.499999999999858,11.499999999999858,,7.499999999999899
1997-04-01,14.999999999999956,14.999999999999956,,9.999999999999968
1997-05-01,18.500000000000064,18.500000000000064,,12.500000000000046
1997-06-01,21.06217782649097,21.06217782649097,,14.33012701892212
1997-07-01,22.0,22.0,,15.0
1997-08-01,21.06217782649125,21.06217782649125,,14.330127018922322
1997-09-01,18.50000000000021,18.50000000000021,,12.50000000000015
1997-10-01,15.00000000000012,15.00000000000012,,10.000000000000085
1997-11-01,11.5,11.5,,7.5
1997-12-01,8.937822173509069,8.937822173509069,,5.669872981077906
1998-01-01,8.0,8.0,,5.0
1998-02-01,8.93782217350891,8.93782217350891,,5.669872981077793
1998-03-01,11.499999999999726,11.499999999999726,,7.499999999999805
1998-04-01,14.999999999999805,14.999999999999805,,9.99999999999986
1998-05-01,18.499999999999936,18.499999999999936,,12.499999999999954
1998-06-01,21.062177826491094,21.062177826491094,,14.330127018922209
1998-07-01,22.0,22.0,,15.0
1998-08-01,21.062177826491126,21.062177826491126,,14.330127018922234
1998-09-01,18.500000000000338,18.500000000000338,,12.500000000000242
1998-10-01,15.000000000000272,15.000000000000272,,10.000000000000194
1998-11-01,11.500000000000131,11.500000000000131,,7.500000000000093
1998-12-01,8.937822173508945,8.937822173508945,,5.669872981077818
1999-01-01,8.0,8.0,,5.0
1999-02-01,8.937822173508835,8.937822173508835,,5.66987298107774
1999-03-01,11.499999999999941,11.499999999999941,,7.499999999999957
1999-04-01,14.999999999999654,14.999999999999654,,9.999999999999753
1999-05-01,18.499999999999805,18.499999999999805,,12.49999999999986
1999-06-01,21.062177826491016,21.062177826491016,,14.330127018922155
1999-07-01,22.0,22.0,,15.0
1999-08-01,21.0621778264912,21.0621778264912,,14.330127018922287
1999-09-01,18.500000000000124,18.500000000000124,,12.500000000000089
1999-10-01,15.000000000000423,15.000000000000423,,10.000000000000302
1999-11-01,11.500000000000261,11.500000000000261,,7.5000000000001865
1999-12-01,8.93782217350902,8.93782217350902,,5.669872981077871
2000-01-01,8.0,8.0,,5.0
2000-02-01,8.937822173508959,8.937822173508959,,5.669872981077828
2000-03-01,11.49999999999981,11.49999999999981,,7.499999999999864
2000-04-01,14.9999999999999,14.9999999999999,,9.999999999999929
2000-05-01,18.499999999999673,18.499999999999673,,12.499999999999766
2000-06-01,21.06217782649094,21.06217782649094,,14.330127018922102
2000-07-01,22.0,22.0,,15.0
2000-08-01,21.06217782649108,21.06217782649108,,14.330127018922198
2000-09-01,18.500000000000256,18.500000000000256,,12.500000000000183
2000-10-01,15.000000000000174,15.000000000000174,,10.000000000000124
2000-11-01,11.500000000000048,11.500000000000048,,7.500000000000034
2000-12-01,8.937822173509096,8.937822173509096,,5.669872981077926
2001-01-01,8.0,8.0,,5.0
2001-02-01,8.937822173508884,8.937822173508884,,5.6698729810777735
2001-03-01,11.500000000000023,11.500000000000023,,7.500000000000017
2001-04-01,14.99999999999975,14.99999999999975,,9.99999999999982
2001-05-01,18.499999999999886,18.499999999999886,,12.49999999999992
2001-06-01,21.062177826490867,21.062177826490867,,14.330127018922047
2001-07-01,22.0,22.0,,15.0
2001-08-01,21.062177826491155,21.062177826491155,,14.330127018922253
2001-09-01,18.500000000000043,18.500000000000043,,12.500000000000028
2001-10-01,14.999999999999927,14.999999999999927,,9.999999999999948
2001-11-01,11.500000000000178,11.500000000000178,,7.500000000000128
2001-12-01,8.937822173508973,8.937822173508973,,5.669872981077837
2002-01-01,8.0,8.0,,5.0
2002-02-01,8.937822173508808,8.937822173508808,,5.66987298107772
2002-03-01,11.499999999999893,11.499999999999893,,7.499999999999924
2002-04-01,14.999999999999996,14.999999999999996,,9.999999999999998
2002-05-01,18.499999999999755,18.499999999999755,,12.499999999999826
2002-06-01,21.06217782649099,21.06217782649099,,14.330127018922136
2002-07-01,22.0,22.0,,15.0
2002-08-01,21.06217782649123,21.06217782649123,,14.330127018922308
2002-09-01,18.50000000000017,18.50000000000017,,12.500000000000124
2002-10-01,15.000000000000078,15.000000000000078,,10.000000000000057
2002-11-01,11.499999999999964,11.499999999999964,,7.499999999999974
2002-12-01,8.937822173509048,8.937822173509048,,5.669872981077892
2003-01-01,8.0,8.0,,5.0
2003-02-01,8.937822173508732,8.937822173508732,,5.669872981077666
2003-03-01,11.499999999999762,11.499999999999762,,7.49999999999983
2003-04-01,14.999999999999845,14.999999999999845,,9.99999999999989
2003-05-01,18.49999999999997,18.49999999999997,,12.499999999999979
2003-06-01,21.062177826491116,21.062177826491116,,14.330127018922223
2003-07-01,22.0,22.0,,15.0
2003-08-01,21.06217782649111,21.06217782649111,,14.33012701892222
2003-09-01,18.500000000000302,18.500000000000302,,12.500000000000217
2003-10-01,15.00000000000023,15.00000000000023,,10.000000000000163
2003-11-01,11.500000000000096,11.500000000000096,,7.5000000000000675
2003-12-01,8.937822173508923,8.937822173508923,,5.669872981077803
2004-01-01,8.0,8.0,,5.0
2004-02-01,8.937822173508856,8.937822173508856,,5.669872981077754
2004-03-01,11.49999999999963,11.49999999999963,,7.499999999999737
2004-04-01,14.999999999999694,14.999999999999694,,9.999999999999782
2004-05-01,18.49999999999984,18.49999999999984,,12.499999999999886
2004-06-01,21.062177826491038,21.062177826491038,,14.33012701892217
2004-07-01,22.0,22.0,,15.0
2004-08-01,21.062177826491183,21.062177826491183,,14.330127018922273
2004-09-01,18.500000000000433,18.500000000000433,,12.500000000000309
2004-10-01,14.999999999999982,14.999999999999982,,9.999999999999988
2004-11-01,11.500000000000226,11.500000000000226,,7.500000000000162
2004-12-01,8.937822173509,8.937822173509,,5.669872981077857
2005-01-01,8.0,8.0,,5.0
2005-02-01,8.93782217350898,8.93782217350898,,5.669872981077843
2005-03-01,11.499999999999845,11.499999999999845,,7.49999999999989
2005-04-01,14.999999999999543,14.999999999999543,,9.999999999999675
2005-05-01,18.500000000000053,18.500000000000053,,12.500000000000039
2005-06-01,21.062177826490963,21.062177826490963,,14.330127018922116
2005-07-01,22.0,22.0,,15.0
2005-08-01,21.062177826491258,21.062177826491258,,14.330127018922326
2005-09-01,18.499999999999876,18.499999999999876,,12.499999999999911
2005-10-01,15.000000000000133,15.000000000000133,,10.000000000000096
2005-11-01,11.500000000000355,11.500000000000355,,7.500000000000254
2005-12-01,8.937822173509076,8.937822173509076,,5.669872981077911
2006-01-01,8.0,8.0,,5.0
2006-02-01,8.937822173508904,8.937822173508904,,5.669872981077789
2006-03-01,11.499999999999716,11.499999999999716,,7.499999999999796
2006-04-01,15.000000000000188,15.000000000000188,,10.000000000000135
2006-05-01,18.499999999999922,18.499999999999922,,12.499999999999945
2006-06-01,21.06217782649089,21.06217782649089,,14.330127018922063
2006-07-01,22.0,22.0,,15.0
2006-08-01,21.062177826491133,21.062177826491133,,14.330127018922239
2006-09-01,18.500000000000007,18.500000000000007,,12.500000000000004
2006-10-01,15.000000000000284,15.000000000000284,,10.000000000000203
2006-11-01,11.500000000000487,11.500000000000487,,7.500000000000348
2006-12-01,8.937822173508952,8.937822173508952,,5.669872981077822
2007-01-01,8.0,8.0,,5.0
2007-02-01,8.937822173508827,8.937822173508827,,5.669872981077734
2007-03-01,11.499999999999929,11.499999999999929,,7.4999999999999485
2007-04-01,15.000000000000037,15.000000000000037,,10.000000000000027
2007-05-01,18.499999999999794,18.499999999999794,,12.49999999999985
2007-06-01,21.06217782649081,21.06217782649081,,14.330127018922008
2007-07-01,22.0,22.0,,15.0
2007-08-01,21.062177826491208,21.062177826491208,,14.330127018922292
2007-09-01,18.500000000000135,18.500000000000135,,12.500000000000098
2007-10-01,15.000000000000435,15.000000000000435,,10.00000000000031
2007-11-01,11.499999999999929,11.499999999999929,,7.4999999999999485
2007-12-01,8.937822173509026,8.937822173509026,,5.6698729810778765
2008-01-01,8.0,8.0,,5.0
2008-02-01,8.937822173508952,8.937822173508952,,5.669872981077822
2008-03-01,11.499999999999797,11.499999999999797,,7.499999999999856
2008-04-01,14.999999999999886,14.999999999999886,,9.999999999999918
2008-05-01,18.499999999999662,18.499999999999662,,12.499999999999758
2008-06-01,21.062177826491133,21.062177826491133,,14.330127018922239
2008-07-01,22.0,22.0,,15.0
2008-08-01,21.062177826491286,21.062177826491286,,14.330127018922347
2008-09-01,18.500000000000266,18.500000000000266,,12.500000000000192
2008-10-01,15.000000000000188,15.000000000000188,,10.000000000000135
2008-11-01,11.50000000000006,11.50000000000006,,7.500000000000043
2008-12-01,8.937822173509103,8.937822173509103,,5.66987298107793
2009-01-01,8.0,8.0,,5.0
2009-02-01,8.937822173508877,8.937822173508877,,5.669872981077769
2009-03-01,11.499999999999668,11.499999999999668,,7.499999999999762
2009-04-01,14.999999999999735,14.999999999999735,,9.999999999999812
2009-05-01,18.499999999999876,18.499999999999876,,12.499999999999911
2009-06-01,21.06217782649106,21.06217782649106,,14.330127018922184
2009-07-01,22.0,22.0,,15.0
2009-08-01,21.062177826490963,21.062177826490963,,14.330127018922116
2009-09-01,18.500000000000053,18.500000000000053,,12.500000000000039
2009-10-01,15.00000000000034,15.00000000000034,,10.000000000000243
2009-11-01,11.50000000000019,11.50000000000019,,7.500000000000136
2009-12-01,8.93782217350898,8.93782217350898,,5.669872981077843
2010-01-01,8.0,8.0,,5.0
2010-02-01,8.9378221735088,8.9378221735088,,5.669872981077715
2010-03-01,11.499999999999536,11.499999999999536,,7.49999999999967
2010-04-01,14.999999999999982,14.999999999999982,,9.999999999999988
2010-05-01,18.499999999999744,18.499999999999744,,12.499999999999817
2010-06-01,21.062177826490984,21.062177826490984,,14.33012701892213
2010-07-01,22.0,22.0,,15.0
2010-08-01,21.062177826491038,21.062177826491038,,14.33012701892217
2010-09-01,18.500000000000185,18.500000000000185,,12.500000000000131
2010-10-01,15.00000000000049,15.00000000000049,,10.00000000000035
2010-11-01,11.499999999999975,11.499999999999975,,7.499999999999982
2010-12-01,8.937822173509055,8.937822173509055,,5.669872981077896
2011-01-01,8.0,8.0,,5.0
2011-02-01,8.937822173508724,8.937822173508724,,5.669872981077661
2011-03-01,11.500000000000096,11.500000000000096,,7.5000000000000675
2011-04-01,14.999999999999831,14.999999999999831,,9.99999999999988
2011-05-01,18.499999999999613,18.499999999999613,,12.499999999999725
2011-06-01,21.06217782649111,21.06217782649111,,14.33012701892222
2011-07-01,22.0,22.0,,15.0
2011-08-01,21.062177826491116,21.062177826491116,,14.330127018922223
2011-09-01,18.500000000000316,18.500000000000316,,12.500000000000224
2011-10-01,14.999999999999845,14.999999999999845,,9.99999999999989
2011-11-01,11.500000000000107,11.500000000000107,,7.500000000000076
2011-12-01,8.93782217350913,8.93782217350913,,5.66987298107795
2012-01-01,8.0,8.0,,5.0
2012-02-01,8.937822173508849,8.937822173508849,,5.6698729810777495
2012-03-01,11.499999999999964,11.499999999999964,,7.499999999999974
2012-04-01,14.99999999999968,14.99999999999968,,9.999999999999773
2012-05-01,18.50000000000017,18.50000000000017,,12.500000000000124
2012-06-01,21.06217782649103,21.06217782649103,,14.330127018922166
2012-07-01,22.0,22.0,,15.0
2012-08-01,21.06217782649119,21.06217782649119,,14.330127018922278
2012-09-01,18.5000000000001,18.5000000000001,,12.500000000000071
2012-10-01,14.999999999999996,14.999999999999996,,9.999999999999998
2012-11-01,11.500000000000238,11.500000000000238,,7.50000000000017
2012-12-01,8.937822173509206,8.937822173509206,,5.669872981078004
2013-01-01,8.0,8.0,,5.0
2013-02-01,8.937822173508774,8.937822173508774,,5.669872981077695
2013-03-01,11.499999999999833,11.499999999999833,,7.499999999999881
2013-04-01,14.999999999999927,14.999999999999927,,9.999999999999948
2013-05-01,18.500000000000043,18.500000000000043,,12.50000000000003
2013-06-01,21.062177826490956,21.062177826490956,,14.330127018922111
2013-07-01,22.0,22.0,,15.0
2013-08-01,21.062177826491066,21.062177826491066,,14.33012701892219
2013-09-01,18.50000000000023,18.50000000000023,,12.500000000000165
2013-10-01,15.000000000000147,15.000000000000147,,10.000000000000105
2013-11-01,11.50000000000037,11.50000000000037,,7.500000000000263
2013-12-01,8.937822173508884,8.937822173508884,,5.6698729810777735
2014-01-01,8.0,8.0,,5.0
2014-02-01,8.937822173508698,8.937822173508698,,5.669872981077642
2014-03-01,11.500000000000048,11.500000000000048,,7.500000000000034
2014-04-01,14.999999999999778,14.999999999999778,,9.99999999999984
2014-05-01,18.49999999999991,18.49999999999991,,12.499999999999936
2014-06-01,21.06217782649088,21.06217782649088,,14.330127018922058
2014-07-01,22.0,22.0,,15.0
2014-08-01,21.06217782649114,21.06217782649114,,14.330127018922244
2014-09-01,18.500000000000362,18.500000000000362,,12.50000000000026
2014-10-01,15.000000000000298,15.000000000000298,,10.000000000000213
2014-11-01,11.500000000000155,11.500000000000155,,7.50000000000011
2014-12-01,8.937822173508959,8.937822173508959,,5.669872981077828
2015-01-01,8.0,8.0,,5.0
2015-02-01,8.937822173509021,8.937822173509021,,5.669872981077872
2015-03-01,11.499999999999917,11.499999999999917,,7.4999999999999405
2015-04-01,14.999999999999627,14.999999999999627,,9.999999999999734
2015-05-01,18.49999999999978,18.49999999999978,,12.499999999999844
2015-06-01,21.062177826491002,21.062177826491002,,14.330127018922145
2015-07-01,22.0,22.0,,15.0
2015-08-01,21.062177826491215,21.062177826491215,,14.330127018922298
2015-09-01,18.500000000000494,18.500000000000494,,12.500000000000352
2015-10-01,15.000000000000052,15.000000000000052,,10.000000000000037
2015-11-01,11.500000000000284,11.500000000000284,,7.500000000000204
2015-12-01,8.937822173509034,8.937822173509034,,5.669872981077882
2016-01-01,8.0,8.0,,5.0
2016-02-01,8.937822173508945,8.937822173508945,,5.669872981077818
2016-03-01,11.499999999999787,11.499999999999787,,7.499999999999847
2016-04-01,14.999999999999476,14.999999999999476,,9.999999999999625
2016-05-01,18.499999999999993,18.499999999999993,,12.499999999999996
2016-06-01,21.062177826490927,21.062177826490927,,14.330127018922092
2016-07-01,22.0,22.0,,15.0
2016-08-01,21.062177826491293,21.062177826491293,,14.33012701892235
2016-09-01,18.499999999999936,18.499999999999936,,12.499999999999954
2016-10-01,15.000000000000203,15.000000000000203,,10.000000000000144
2016-11-01,11.500000000000416,11.500000000000416,,7.500000000000297
2016-12-01,8.93782217350891,8.93782217350891,,5.669872981077793
2017-01-01,8.0,8.0,,5.0
2017-02-01,8.93782217350887,8.93782217350887,,5.669872981077764
2017-03-01,11.499999999999655,11.499999999999655,,7.499999999999754
2017-04-01,15.00000000000012,15.00000000000012,,10.000000000000085
2017-05-01,18.499999999999865,18.499999999999865,,12.499999999999902
2017-06-01,21.062177826490853,21.062177826490853,,14.330127018922038
2017-07-01,22.0,22.0,,15.0
2017-08-01,21.06217782649117,21.06217782649117,,14.330127018922262
2017-09-01,18.500000000000064,18.500000000000064,,12.500000000000046
2017-10-01,15.000000000000353,15.000000000000353,,10.000000000000252
2017-11-01,11.499999999999858,11.499999999999858,,7.499999999999899
2017-12-01,8.937822173508986,8.937822173508986,,5.669872981077847
2018-01-01,8.0,8.0,,5.0
2018-02-01,8.937822173508794,8.937822173508794,,5.6698729810777095
2018-03-01,11.499999999999869,11.499999999999869,,7.499999999999907
2018-04-01,14.99999999999997,14.99999999999997,,9.999999999999979
2018-05-01,18.499999999999734,18.499999999999734,,12.499999999999808
2018-06-01,21.062177826490778,21.062177826490778,,14.330127018921985
2018-07-01,22.0,22.0,,15.0
2018-08-01,21.062177826491244,21.062177826491244,,14.330127018922317
2018-09-01,18.500000000000195,18.500000000000195,,12.50000000000014
2018-10-01,15.000000000000107,15.000000000000107,,10.000000000000076
2018-11-01,11.49999999999999,11.49999999999999,,7.499999999999991
2018-12-01,8.937822173509062,8.937822173509062,,5.6698729810779005
2019-01-01,8.0,8.0,,5.0
2019-02-01,8.937822173508916,8.937822173508916,,5.669872981077798
2019-03-01,11.499999999999739,11.499999999999739,,7.4999999999998135
2019-04-01,14.999999999999819,14.999999999999819,,9.99999999999987
2019-05-01,18.499999999999947,18.499999999999947,,12.499999999999961
2019-06-01,21.0621778264911,21.0621778264911,,14.330127018922214
2019-07-01,22.0,22.0,,15.0
2019-08-01,21.062177826491318,21.062177826491318,,14.33012701892237
2019-09-01,18.499999999999982,18.499999999999982,,12.499999999999988
2019-10-01,15.000000000000258,15.000000000000258,,10.000000000000183
2019-11-01,11.500000000000119,11.500000000000119,,7.500000000000085
2019-12-01,8.937822173509137,8.937822173509137,,5.669872981077956
2020-01-01,8.0,8.0,,
2020-02-01,8.937822173508842,8.937822173508842,,
2020-03-01,11.49999999999961,11.49999999999961,,
2020-04-01,15.000000000000066,15.000000000000066,,
2020-05-01,18.499999999999815,18.499999999999815,,
2020-06-01,21.062177826491023,21.062177826491023,,
2020-07-01,22.0,22.0,,
2020-08-01,21.062177826490995,21.062177826490995,,
2020-09-01,18.500000000000114,18.500000000000114,,
2020-10-01,15.000000000000409,15.000000000000409,,
2020-11-01,11.500000000000249,11.500000000000249,,
2020-12-01,8.937822173509014,8.937822173509014,,
2021-01-01,8.0,8.0,,
2021-02-01,8.937822173508767,8.937822173508767,,
2021-03-01,11.500000000000167,11.500000000000167,,
2021-04-01,14.999999999999915,14.999999999999915,,
2021-05-01,18.499999999999684,18.499999999999684,,
2021-06-01,21.06217782649095,21.06217782649095,,
2021-07-01,22.0,22.0,,
2021-08-01,21.062177826491073,21.062177826491073,,
2021-09-01,18.50000000000024,18.50000000000024,,
2021-10-01,15.00000000000056,15.00000000000056,,
2021-11-01,11.500000000000036,11.500000000000036,,
2021-12-01,8.93782217350909,8.93782217350909,,
2022-01-01,8.0,8.0,,
2022-02-01,8.937822173508891,8.937822173508891,,
2022-03-01,11.500000000000036,11.500000000000036,,
2022-04-01,14.999999999999764,14.999999999999764,,
2022-05-01,18.499999999999552,18.499999999999552,,
2022-06-01,21.062177826491073,21.062177826491073,,
2022-07-01,22.0,22.0,,
2022-08-01,21.062177826491148,21.062177826491148,,
2022-09-01,18.500000000000377,18.500000000000377,,
2022-10-01,14.999999999999915,14.999999999999915,,
2022-11-01,11.500000000000167,11.500000000000167,,
2022-12-01,8.937822173509165,8.937822173509165,,
2023-01-01,8.0,8.0,,
2023-02-01,8.937822173508815,8.937822173508815,,
2023-03-01,11.499999999999904,11.499999999999904,,
2023-04-01,14.999999999999613,14.999999999999613,,
2023-05-01,18.500000000000114,18.500000000000114,,
2023-06-01,21.062177826490995,21.062177826490995,,
2023-07-01,22.0,22.0,,
2023-08-01,21.062177826491222,21.062177826491222,,
2023-09-01,18.50000000000016,18.50000000000016,,
2023-10-01,15.000000000000066,15.000000000000066,,
2023-11-01,11.500000000000297,11.500000000000297,,
2023-12-01,8.937822173508842,8.937822173508842,,
2024-01-01,8.0,8.0,,
2024-02-01,8.937822173508739,8.937822173508739,,
2024-03-01,11.499999999999774,11.499999999999774,,
2024-04-01,14.99999999999986,14.99999999999986,,
2024-05-01,18.499999999999982,18.499999999999982,,
2024-06-01,21.062177826490924,21.062177826490924,,
2024-07-01,22.0,22.0,,
2024-08-01,21.0621778264911,21.0621778264911,,
2024-09-01,18.50000000000029,18.50000000000029,,
2024-10-01,15.000000000000217,15.000000000000217,,
2024-11-01,11.500000000000083,11.500000000000083,,
2024-12-01,8.937822173508916,8.937822173508916,,
2025-01-01,8.0,8.0,,
2025-02-01,8.937822173508664,8.937822173508664,,
2025-03-01,11.49999999999999,11.49999999999999,,
2025-04-01,14.999999999999709,14.999999999999709,,
2025-05-01,18.49999999999985,18.49999999999985,,
2025-06-01,21.062177826490846,21.062177826490846,,
2025-07-01,22.0,22.0,,
2025-08-01,21.062177826491176,21.062177826491176,,
2025-09-01,18.500000000000423,18.500000000000423,,
2025-10-01,14.99999999999997,14.99999999999997,,
2025-11-01,11.500000000000213,11.500000000000213,,
2025-12-01,8.937822173508993,8.937822173508993,,
2026-01-01,8.0,8.0,,
2026-02-01,8.937822173508986,8.937822173508986,,
2026-03-01,11.499999999999858,11.499999999999858,,
2026-04-01,14.999999999999558,14.999999999999558,,
2026-05-01,18.49999999999972,18.49999999999972,,
2026-06-01,21.06217782649097,21.06217782649097,,
2026-07-01,22.0,22.0,,
2026-08-01,21.06217782649125,21.06217782649125,,
2026-09-01,18.499999999999865,18.499999999999865,,
2026-10-01,15.00000000000012,15.00000000000012,,
2026-11-01,11.500000000000345,11.500000000000345,,
2026-12-01,8.937822173509069,8.937822173509069,,
2027-01-01,8.0,8.0,,
2027-02-01,8.93782217350891,8.93782217350891,,
2027-03-01,11.499999999999726,11.499999999999726,,
2027-04-01,14.999999999999407,14.999999999999407,,
2027-05-01,18.499999999999936,18.499999999999936,,
2027-06-01,21.062177826490895,21.062177826490895,,
2027-07-01,22.0,22.0,,
2027-08-01,21.062177826491126,21.062177826491126,,
2027-09-01,18.499999999999993,18.499999999999993,,
2027-10-01,15.000000000000272,15.000000000000272,,
2027-11-01,11.500000000000476,11.500000000000476,,
2027-12-01,8.937822173508945,8.937822173508945,,
2028-01-01,8.0,8.0,,
2028-02-01,8.937822173508835,8.937822173508835,,
2028-03-01,11.499999999999595,11.499999999999595,,
2028-04-01,15.000000000000052,15.000000000000052,,
2028-05-01,18.499999999999805,18.499999999999805,,
2028-06-01,21.062177826490817,21.062177826490817,,
2028-07-01,22.0,22.0,,
2028-08-01,21.0621778264912,21.0621778264912,,
2028-09-01,18.500000000000124,18.500000000000124,,
2028-10-01,15.000000000000421,15.000000000000421,,
2028-11-01,11.499999999999917,11.499999999999917,,
2028-12-01,8.93782217350902,8.93782217350902,,
2029-01-01,8.0,8.0,,
2029-02-01,8.93782217350876,8.93782217350876,,
2029-03-01,11.49999999999981,11.49999999999981,,
2029-04-01,14.9999999999999,14.9999999999999,,
2029-05-01,18.499999999999673,18.499999999999673,,
2029-06-01,21.06217782649114,21.06217782649114,,
2029-07-01,22.0,22.0,,
2029-08-01,21.06217782649128,21.06217782649128,,
2029-09-01,18.500000000000256,18.500000000000256,,
2029-10-01,15.000000000000174,15.000000000000174,,
2029-11-01,11.500000000000048,11.500000000000048,,
2029-12-01,8.937822173509096,8.937822173509096,,
2030-01-01,8.0,8.0,,
2030-02-01,8.937822173508884,8.937822173508884,,
2030-03-01,11.499999999999678,11.499999999999678,,
2030-04-01,14.99999999999975,14.99999999999975,,
2030-05-01,18.499999999999886,18.499999999999886,,
2030-06-01,21.062177826491066,21.062177826491066,,
2030-07-01,22.0,22.0,,
2030-08-01,21.062177826491354,21.062177826491354,,
2030-09-01,18.500000000000043,18.500000000000043,,
2030-10-01,15.000000000000325,15.000000000000325,,
2030-11-01,11.500000000000178,11.500000000000178,,
2030-12-01,8.937822173508973,8.937822173508973,,
2031-01-01,8.0,8.0,,
2031-02-01,8.937822173508808,8.937822173508808,,
2031-03-01,11.499999999999893,11.499999999999893,,
2031-04-01,14.999999999999996,14.999999999999996,,
2031-05-01,18.5000000000001,18.5000000000001,,
2031-06-01,21.06217782649119,21.06217782649119,,
2031-07-01,22.0,22.0,,
2031-08-01,21.06217782649123,21.06217782649123,,
2031-09-01,18.50000000000017,18.50000000000017,,
2031-10-01,15.000000000000078,15.000000000000078,,
2031-11-01,11.499999999999964,11.499999999999964,,
2031-12-01,8.937822173508849,8.937822173508849,,
2032-01-01,8.0,8.0,,
2032-02-01,8.937822173508732,8.937822173508732,,
2032-03-01,11.499999999999762,11.499999999999762,,
2032-04-01,14.999999999999845,14.999999999999845,,
2032-05-01,18.49999999999997,18.49999999999997,,
2032-06-01,21.062177826490718,21.062177826490718,,
2032-07-01,22.0,22.0,,
2032-08-01,21.062177826491308,21.062177826491308,,
2032-09-01,18.500000000000302,18.500000000000302,,
2032-10-01,15.00000000000023,15.00000000000023,,
2032-11-01,11.500000000000096,11.500000000000096,,
2032-12-01,8.937822173508923,8.937822173508923,,
2033-01-01,8.0,8.0,,
2033-02-01,8.937822173509055,8.937822173509055,,
2033-03-01,11.49999999999963,11.49999999999963,,
2033-04-01,14.999999999999694,14.999999999999694,,
2033-05-01,18.49999999999984,18.49999999999984,,
2033-06-01,21.062177826491038,21.062177826491038,,
2033-07-01,22.0,22.0,,
2033-08-01,21.062177826491382,21.062177826491382,,
2033-09-01,18.499999999999744,18.499999999999744,,
2033-10-01,15.00000000000038,15.00000000000038,,
2033-11-01,11.500000000000226,11.500000000000226,,
2033-12-01,8.937822173509,8.937822173509,,
2034-01-01,8.0,8.0,,
2034-02-01,8.93782217350898,8.93782217350898,,
2034-03-01,11.4999999999995,11.4999999999995,,
2034-04-01,14.999999999999543,14.999999999999543,,
2034-05-01,18.49999999999971,18.49999999999971,,
2034-06-01,21.062177826490963,21.062177826490963,,
2034-07-01,22.0,22.0,,
2034-08-01,21.06217782649106,21.06217782649106,,
2034-09-01,18.499999999999876,18.499999999999876,,
2034-10-01,15.000000000000531,15.000000000000531,,
2034-11-01,11.500000000000355,11.500000000000355,,
2034-12-01,8.937822173509076,8.937822173509076,,
2035-01-01,8.0,8.0,,
2035-02-01,8.937822173508904,8.937822173508904,,
2035-03-01,11.499999999999371,11.499999999999371,,
2035-04-01,15.000000000000188,15.000000000000188,,
2035-05-01,18.499999999999577,18.499999999999577,,
2035-06-01,21.06217782649089,21.06217782649089,,
2035-07-01,22.0,22.0,,
2035-08-01,21.062177826491133,21.062177826491133,,
2035-09-01,18.500000000000007,18.500000000000007,,
2035-10-01,15.000000000000682,15.000000000000682,,
2035-11-01,11.499999999999797,11.499999999999797,,
2035-12-01,8.93782217350915,8.93782217350915,,
2036-01-01,8.0,8.0,,
2036-02-01,8.937822173508827,8.937822173508827,,
2036-03-01,11.499999999999929,11.499999999999929,,
2036-04-01,15.000000000000037,15.000000000000037,,
2036-05-01,18.499999999999446,18.499999999999446,,
2036-06-01,21.062177826491208,21.062177826491208,,
2036-07-01,22.0,22.0,,
2036-08-01,21.062177826491208,21.062177826491208,,
2036-09-01,18.500000000000135,18.500000000000135,,
2036-10-01,15.000000000000037,15.000000000000037,,
2036-11-01,11.499999999999929,11.499999999999929,,
2036-12-01,8.937822173509225,8.937822173509225,,
2037-01-01,8.0,8.0,,
2037-02-01,8.937822173508753,8.937822173508753,,
2037-03-01,11.499999999999797,11.499999999999797,,
2037-04-01,14.999999999999886,14.999999999999886,,
2037-05-01,18.500000000000007,18.500000000000007,,
2037-06-01,21.062177826491133,21.062177826491133,,
2037-07-01,22.0,22.0,,
2037-08-01,21.062177826491286,21.062177826491286,,
2037-09-01,18.500000000000266,18.500000000000266,,
2037-10-01,15.000000000000188,15.000000000000188,,
2037-11-01,11.50000000000006,11.50000000000006,,
2037-12-01,8.937822173509302,8.937822173509302,,
2038-01-01,8.0,8.0,,
2038-02-01,8.937822173508678,8.937822173508678,,
2038-03-01,11.499999999999668,11.499999999999668,,
2038-04-01,14.999999999999735,14.999999999999735,,
2038-05-01,18.499999999999876,18.499999999999876,,
2038-06-01,21.06217782649106,21.06217782649106,,
2038-07-01,22.0,22.0,,
2038-08-01,21.062177826490963,21.062177826490963,,
2038-09-01,18.500000000000398,18.500000000000398,,
2038-10-01,15.00000000000034,15.00000000000034,,
2038-11-01,11.50000000000019,11.50000000000019,,
2038-12-01,8.93782217350898,8.93782217350898,,
2039-01-01,8.0,8.0,,
2039-02-01,8.937822173508602,8.937822173508602,,
2039-03-01,11.500000000000226,11.500000000000226,,
2039-04-01,14.999999999999584,14.999999999999584,,
2039-05-01,18.499999999999744,18.499999999999744,,
2039-06-01,21.062177826490984,21.062177826490984,,
2039-07-01,22.0,22.0,,
2039-08-01,21.062177826491038,21.062177826491038,,
2039-09-01,18.50000000000053,18.50000000000053,,
2039-10-01,15.00000000000049,15.00000000000049,,
2039-11-01,11.500000000000322,11.500000000000322,,
2039-12-01,8.937822173509055,8.937822173509055,,
2040-01-01,8.0,8.0,,
2040-02-01,8.937822173508923,8.937822173508923,,
2040-03-01,11.500000000000096,11.500000000000096,,
2040-04-01,14.999999999999433,14.999999999999433,,
2040-05-01,18.499999999999613,18.499999999999613,,
2040-06-01,21.06217782649091,21.06217782649091,,
2040-07-01,22.0,22.0,,
2040-08-01,21.062177826491112,21.062177826491112,,
2040-09-01,18.49999999999997,18.49999999999997,,
2040-10-01,14.999999999999845,14.999999999999845,,
2040-11-01,11.500000000000451,11.500000000000451,,
2040-12-01,8.93782217350913,8.93782217350913,,
2041-01-01,8.0,8.0,,
2041-02-01,8.937822173508849,8.937822173508849,,
2041-03-01,11.499999999999964,11.499999999999964,,
2041-04-01,14.999999999999282,14.999999999999282,,
2041-05-01,18.50000000000017,18.50000000000017,,
2041-06-01,21.06217782649083,21.06217782649083,,
2041-07-01,22.0,22.0,,
2041-08-01,21.06217782649119,21.06217782649119,,
2041-09-01,18.5000000000001,18.5000000000001,,
2041-10-01,14.999999999999996,14.999999999999996,,
2041-11-01,11.500000000000583,11.500000000000583,,
2041-12-01,8.937822173508808,8.937822173508808,,
2042-01-01,8.0,8.0,,
2042-02-01,8.937822173508774,8.937822173508774,,
2042-03-01,11.499999999999833,11.499999999999833,,
2042-04-01,14.999999999999927,14.999999999999927,,
2042-05-01,18.500000000000043,18.500000000000043,,
2042-06-01,21.062177826490757,21.062177826490757,,
2042-07-01,22.0,22.0,,
2042-08-01,21.062177826491265,21.062177826491265,,
2042-09-01,18.50000000000023,18.50000000000023,,
2042-10-01,15.000000000000147,15.000000000000147,,
2042-11-01,11.500000000000023,11.500000000000023,,
2042-12-01,8.937822173508884,8.937822173508884,,
2043-01-01,8.0,8.0,,
2043-02-01,8.937822173508698,8.937822173508698,,
2043-03-01,11.499999999999703,11.499999999999703,,
2043-04-01,14.999999999999778,14.999999999999778,,
2043-05-01,18.49999999999991,18.49999999999991,,
2043-06-01,21.06217782649108,21.06217782649108,,
2043-07-01,22.0,22.0,,
2043-08-01,21.06217782649134,21.06217782649134,,
2043-09-01,18.500000000000362,18.500000000000362,,
2043-10-01,15.000000000000298,15.000000000000298,,
2043-11-01,11.500000000000155,11.500000000000155,,
2043-12-01,8.937822173508959,8.937822173508959,,
2044-01-01,8.0,8.0,,
2044-02-01,8.93782217350902,8.93782217350902,,
2044-03-01,11.499999999999574,11.499999999999574,,
2044-04-01,14.999999999999627,14.999999999999627,,
2044-05-01,18.49999999999978,18.49999999999978,,
2044-06-01,21.062177826491002,21.062177826491002,,
2044-07-01,22.0,22.0,,
2044-08-01,21.062177826491414,21.062177826491414,,
2044-09-01,18.499999999999805,18.499999999999805,,
2044-10-01,15.00000000000045,15.00000000000045,,
2044-11-01,11.500000000000284,11.500000000000284,,
2044-12-01,8.937822173509034,8.937822173509034,,
2045-01-01,8.0,8.0,,
2045-02-01,8.937822173508945,8.937822173508945,,
2045-03-01,11.499999999999442,11.499999999999442,,
2045-04-01,15.000000000000272,15.000000000000272,,
2045-05-01,18.49999999999965,18.49999999999965,,
2045-06-01,21.062177826490927,21.062177826490927,,
2045-07-01,22.0,22.0,,
2045-08-01,21.062177826491094,21.062177826491094,,
2045-09-01,18.499999999999936,18.499999999999936,,
2045-10-01,15.0000000000006,15.0000000000006,,
2045-11-01,11.500000000000416,11.500000000000416,,
2045-12-01,8.937822173509108,8.937822173509108,,
2046-01-01,8.0,8.0,,
2046-02-01,8.93782217350887,8.93782217350887,,
2046-03-01,11.5,11.5,,
2046-04-01,15.00000000000012,15.00000000000012,,
2046-05-01,18.49999999999952,18.49999999999952,,
2046-06-01,21.062177826490853,21.062177826490853,,
2046-07-01,22.0,22.0,,
2046-08-01,21.06217782649117,21.06217782649117,,
2046-09-01,18.500000000000064,18.500000000000064,,
2046-10-01,15.000000000000751,15.000000000000751,,
2046-11-01,11.499999999999858,11.499999999999858,,
2046-12-01,8.937822173509185,8.937822173509185,,
2047-01-01,8.0,8.0,,
2047-02-01,8.937822173508794,8.937822173508794,,
2047-03-01,11.499999999999869,11.499999999999869,,
2047-04-01,14.99999999999997,14.99999999999997,,
2047-05-01,18.49999999999939,18.49999999999939,,
2047-06-01,21.062177826491176,21.062177826491176,,
2047-07-01,22.0,22.0,,
2047-08-01,21.062177826491244,21.062177826491244,,
2047-09-01,18.500000000000195,18.500000000000195,,
2047-10-01,15.000000000000107,15.000000000000107,,
2047-11-01,11.49999999999999,11.49999999999999,,
2047-12-01,8.937822173509261,8.937822173509261,,
2048-01-01,8.0,8.0,,
2048-02-01,8.937822173508717,8.937822173508717,,
2048-03-01,11.499999999999739,11.499999999999739,,
2048-04-01,14.999999999999819,14.999999999999819,,
2048-05-01,18.499999999999947,18.499999999999947,,
2048-06-01,21.0621778264911,21.0621778264911,,
2048-07-01,22.0,22.0,,
2048-08-01,21.062177826491318,21.062177826491318,,
2048-09-01,18.500000000000327,18.500000000000327,,
2048-10-01,15.000000000000258,15.000000000000258,,
2048-11-01,11.500000000000119,11.500000000000119,,
2048-12-01,8.937822173508938,8.937822173508938,,
2049-01-01,8.0,8.0,,
2049-02-01,8.937822173508643,8.937822173508643,,
2049-03-01,11.49999999999961,11.49999999999961,,
2049-04-01,14.999999999999668,14.999999999999668,,
2049-05-01,18.499999999999815,18.499999999999815,,
2049-06-01,21.062177826491023,21.062177826491023,,
2049-07-01,22.0,22.0,,
2049-08-01,21.062177826490995,21.062177826490995,,
2049-09-01,18.50000000000046,18.50000000000046,,
2049-10-01,15.000000000000409,15.000000000000409,,
2049-11-01,11.500000000000249,11.500000000000249,,
2049-12-01,8.937822173509014,8.937822173509014,,
2050-01-01,8.0,8.0,,
2050-02-01,8.937822173508568,8.937822173508568,,
2050-03-01,11.500000000000167,11.500000000000167,,
2050-04-01,14.999999999999517,14.999999999999517,,
2050-05-01,18.499999999999684,18.499999999999684,,
2050-06-01,21.06217782649095,21.06217782649095,,
2050-07-01,22.0,22.0,,
2050-08-01,21.062177826491073,21.062177826491073,,
2050-09-01,18.50000000000059,18.50000000000059,,
2050-10-01,14.999999999999764,14.999999999999764,,
2050-11-01,11.50000000000038,11.50000000000038,,
2050-12-01,8.93782217350909,8.93782217350909,,
2051-01-01,8.0,8.0,,
2051-02-01,8.937822173508891,8.937822173508891,,
2051-03-01,11.500000000000036,11.500000000000036,,
2051-04-01,14.999999999999366,14.999999999999366,,
2051-05-01,18.499999999999552,18.499999999999552,,
2051-06-01,21.062177826490874,21.062177826490874,,
2051-07-01,22.0,22.0,,
2051-08-01,21.062177826491148,21.062177826491148,,
2051-09-01,18.50000000000003,18.50000000000003,,
2051-10-01,14.999999999999915,14.999999999999915,,
2051-11-01,11.500000000000512,11.500000000000512,,
2051-12-01,8.937822173509165,8.937822173509165,,
2052-01-01,8.0,8.0,,
2052-02-01,8.937822173508815,8.937822173508815,,
2052-03-01,11.499999999999904,11.499999999999904,,
2052-04-01,15.00000000000001,15.00000000000001,,
2052-05-01,18.500000000000114,18.500000000000114,,
2052-06-01,21.062177826490796,21.062177826490796,,
2052-07-01,22.0,22.0,,
2052-08-01,21.062177826491222,21.062177826491222,,
2052-09-01,18.50000000000016,18.50000000000016,,
2052-10-01,15.000000000000066,15.000000000000066,,
2052-11-01,11.500000000000641,11.500000000000641,,
2052-12-01,8.937822173508842,8.937822173508842,,
2053-01-01,8.0,8.0,,
2053-02-01,8.937822173508739,8.937822173508739,,
2053-03-01,11.499999999999774,11.499999999999774,,
2053-04-01,14.99999999999986,14.99999999999986,,
2053-05-01,18.499999999999982,18.499999999999982,,
2053-06-01,21.06217782649072,21.06217782649072,,
2053-07-01,22.0,22.0,,
2053-08-01,21.0621778264913,21.0621778264913,,
2053-09-01,18.50000000000029,18.50000000000029,,
2053-10-01,15.000000000000217,15.000000000000217,,
2053-11-01,11.500000000000083,11.500000000000083,,
2053-12-01,8.937822173508916,8.937822173508916,,
2054-01-01,8.0,8.0,,
2054-02-01,8.937822173509062,8.937822173509062,,
2054-03-01,11.499999999999643,11.499999999999643,,
2054-04-01,14.999999999999709,14.999999999999709,,
2054-05-01,18.49999999999985,18.49999999999985,,
2054-06-01,21.062177826491045,21.062177826491045,,
2054-07-01,22.0,22.0,,
2054-08-01,21.062177826491375,21.062177826491375,,
2054-09-01,18.500000000000423,18.500000000000423,,
2054-10-01,15.000000000000368,15.000000000000368,,
2054-11-01,11.500000000000213,11.500000000000213,,
2054-12-01,8.937822173508993,8.937822173508993,,
2055-01-01,8.0,8.0,,
2055-02-01,8.937822173508986,8.937822173508986,,
2055-03-01,11.499999999999513,11.499999999999513,,
2055-04-01,14.999999999999558,14.999999999999558,,
2055-05-01,18.499999999999723,18.499999999999723,,
2055-06-01,21.06217782649097,21.06217782649097,,
2055-07-01,22.0,22.0,,
2055-08-01,21.06217782649145,21.06217782649145,,
2055-09-01,18.499999999999865,18.499999999999865,,
2055-10-01,15.000000000000519,15.000000000000519,,
2055-11-01,11.500000000000345,11.500000000000345,,
2055-12-01,8.937822173509069,8.937822173509069,,
2056-01-01,8.0,8.0,,
2056-02-01,8.93782217350891,8.93782217350891,,
2056-03-01,11.499999999999382,11.499999999999382,,
2056-04-01,15.000000000000203,15.000000000000203,,
2056-05-01,18.49999999999959,18.49999999999959,,
2056-06-01,21.062177826490895,21.062177826490895,,
2056-07-01,22.0,22.0,,
2056-08-01,21.062177826491126,21.062177826491126,,
2056-09-01,18.499999999999993,18.499999999999993,,
2056-10-01,15.00000000000067,15.00000000000067,,
2056-11-01,11.499999999999787,11.499999999999787,,
2056-12-01,8.937822173509144,8.937822173509144,,
2057-01-01,8.0,8.0,,
2057-02-01,8.937822173508835,8.937822173508835,,
2057-03-01,11.499999999999941,11.499999999999941,,
2057-04-01,15.000000000000052,15.000000000000052,,
2057-05-01,18.49999999999946,18.49999999999946,,
2057-06-01,21.062177826490817,21.062177826490817,,
2057-07-01,22.0,22.0,,
2057-08-01,21.0621778264912,21.0621778264912,,
2057-09-01,18.500000000000124,18.500000000000124,,
2057-10-01,15.000000000000023,15.000000000000023,,
2057-11-01,11.499999999999917,11.499999999999917,,
2057-12-01,8.937822173509218,8.937822173509218,,
2058-01-01,8.0,8.0,,
2058-02-01,8.93782217350876,8.93782217350876,,
2058-03-01,11.49999999999981,11.49999999999981,,
2058-04-01,14.9999999999999,14.9999999999999,,
2058-05-01,18.49999999999933,18.49999999999933,,
2058-06-01,21.06217782649114,21.06217782649114,,
2058-07-01,22.0,22.0,,
2058-08-01,21.06217782649128,21.06217782649128,,
2058-09-01,18.500000000000256,18.500000000000256,,
2058-10-01,15.000000000000174,15.000000000000174,,
2058-11-01,11.500000000000048,11.500000000000048,,
2058-12-01,8.937822173509295,8.937822173509295,,
2059-01-01,8.0,8.0,,
2059-02-01,8.937822173508685,8.937822173508685,,
2059-03-01,11.499999999999678,11.499999999999678,,
2059-04-01,14.99999999999975,14.99999999999975,,
2059-05-01,18.499999999999197,18.499999999999197,,
2059-06-01,21.062177826491066,21.062177826491066,,
2059-07-01,22.0,22.0,,
2059-08-01,21.062177826491354,21.062177826491354,,
2059-09-01,18.500000000000387,18.500000000000387,,
2059-10-01,14.99999999999953,14.99999999999953,,
2059-11-01,11.500000000000178,11.500000000000178,,
2059-12-01,8.937822173508973,8.937822173508973,,
2060-01-01,8.0,8.0,,
2060-02-01,8.937822173508609,8.937822173508609,,
2060-03-01,11.500000000000238,11.500000000000238,,
2060-04-01,14.999999999999599,14.999999999999599,,
2060-05-01,18.499999999999755,18.499999999999755,,
2060-06-01,21.06217782649099,21.06217782649099,,
2060-07-01,22.0,22.0,,
2060-08-01,21.06217782649103,21.06217782649103,,
2060-09-01,18.49999999999983,18.49999999999983,,
2060-10-01,15.000000000000476,15.000000000000476,,
2060-11-01,11.500000000000309,11.500000000000309,,
2060-12-01,8.937822173509446,8.937822173509446,,
2061-01-01,8.0,8.0,,
2061-02-01,8.93782217350893,8.93782217350893,,
2061-03-01,11.499999999999417,11.499999999999417,,
2061-04-01,14.999999999999448,14.999999999999448,,
2061-05-01,18.500000000000316,18.500000000000316,,
2061-06-01,21.062177826490917,21.062177826490917,,
2061-07-01,22.0,22.0,,
2061-08-01,21.06217782649111,21.06217782649111,,
2061-09-01,18.500000000000647,18.500000000000647,,
2061-10-01,14.999999999999831,14.999999999999831,,
2061-11-01,11.50000000000044,11.50000000000044,,
2061-12-01,8.937822173509122,8.937822173509122,,
2062-01-01,8.0,8.0,,
2062-02-01,8.937822173508458,8.937822173508458,,
2062-03-01,11.499999999999977,11.499999999999977,,
2062-04-01,15.000000000000092,15.000000000000092,,
2062-05-01,18.499999999999496,18.499999999999496,,
2062-06-01,21.06217782649084,21.06217782649084,,
2062-07-01,22.0,22.0,,
2062-08-01,21.062177826491183,21.062177826491183,,
2062-09-01,18.50000000000009,18.50000000000009,,
2062-10-01,15.000000000000778,15.000000000000778,,
2062-11-01,11.50000000000057,11.50000000000057,,
2062-12-01,8.9378221735088,8.9378221735088,,
2063-01-01,8.0,8.0,,
2063-02-01,8.937822173508781,8.937822173508781,,
2063-03-01,11.499999999999845,11.499999999999845,,
2063-04-01,14.999999999999146,14.999999999999146,,
2063-05-01,18.500000000000053,18.500000000000053,,
2063-06-01,21.062177826491162,21.062177826491162,,
2063-07-01,22.0,22.0,,
2063-08-01,21.062177826491258,21.062177826491258,,
2063-09-01,18.50000000000091,18.50000000000091,,
2063-10-01,15.000000000000133,15.000000000000133,,
2063-11-01,11.50000000000001,11.50000000000001,,
2063-12-01,8.937822173509275,8.937822173509275,,
2064-01-01,8.0,8.0,,
2064-02-01,8.937822173509103,8.937822173509103,,
2064-03-01,11.499999999999716,11.499999999999716,,
2064-04-01,14.99999999999979,14.99999999999979,,
2064-05-01,18.499999999999922,18.499999999999922,,
2064-06-01,21.06217782649069,21.06217782649069,,
2064-07-01,22.0,22.0,,
2064-08-01,21.062177826491332,21.062177826491332,,
2064-09-01,18.50000000000035,18.50000000000035,,
2064-10-01,15.000000000000284,15.000000000000284,,
2064-11-01,11.500000000000831,11.500000000000831,,
2064-12-01,8.937822173508952,8.937822173508952,,
2065-01-01,8.0,8.0,,
2065-02-01,8.937822173508629,8.937822173508629,,
2065-03-01,11.499999999999584,11.499999999999584,,
2065-04-01,15.000000000000435,15.000000000000435,,
2065-05-01,18.499999999999794,18.499999999999794,,
2065-06-01,21.06217782649101,21.06217782649101,,
2065-07-01,22.0,22.0,,
2065-08-01,21.062177826491407,21.062177826491407,,
2065-09-01,18.499999999999794,18.499999999999794,,
2065-10-01,15.000000000000435,15.000000000000435,,
2065-11-01,11.500000000000274,11.500000000000274,,
2065-12-01,8.937822173509026,8.937822173509026,,
2066-01-01,8.0,8.0,,
2066-02-01,8.937822173508952,8.937822173508952,,
2066-03-01,11.500000000000142,11.500000000000142,,
2066-04-01,14.999999999999488,14.999999999999488,,
2066-05-01,18.499999999999662,18.499999999999662,,
2066-06-01,21.062177826490537,21.062177826490537,,
2066-07-01,22.0,22.0,,
2066-08-01,21.062177826491087,21.062177826491087,,
2066-09-01,18.50000000000061,18.50000000000061,,
2066-10-01,15.000000000000586,15.000000000000586,,
2066-11-01,11.499999999999716,11.499999999999716,,
2066-12-01,8.937822173509103,8.937822173509103,,
2067-01-01,8.0,8.0,,
2067-02-01,8.937822173508877,8.937822173508877,,
2067-03-01,11.499999999999323,11.499999999999323,,
2067-04-01,15.000000000000133,15.000000000000133,,
2067-05-01,18.49999999999953,18.49999999999953,,
2067-06-01,21.06217782649086,21.06217782649086,,
2067-07-01,22.0,22.0,,
2067-08-01,21.06217782649156,21.06217782649156,,
2067-09-01,18.500000000000053,18.500000000000053,,
2067-10-01,14.999999999999941,14.999999999999941,,
2067-11-01,11.500000000000535,11.500000000000535,,
2067-12-01,8.937822173509177,8.937822173509177,,
2068-01-01,8.0,8.0,,
2068-02-01,8.9378221735088,8.9378221735088,,
2068-03-01,11.499999999999881,11.499999999999881,,
2068-04-01,14.999999999999982,14.999999999999982,,
2068-05-01,18.4999999999994,18.4999999999994,,
2068-06-01,21.062177826491183,21.062177826491183,,
2068-07-01,22.0,22.0,,
2068-08-01,21.062177826491236,21.062177826491236,,
2068-09-01,18.500000000000185,18.500000000000185,,
2068-10-01,15.000000000000888,15.000000000000888,,
2068-11-01,11.499999999999975,11.499999999999975,,
2068-12-01,8.937822173508856,8.937822173508856,,
2069-01-01,8.0,8.0,,
2069-02-01,8.937822173508724,8.937822173508724,,
2069-03-01,11.50000000000044,11.50000000000044,,
2069-04-01,14.999999999999831,14.999999999999831,,
2069-05-01,18.499999999999957,18.499999999999957,,
2069-06-01,21.06217782649071,21.06217782649071,,
2069-07-01,22.0,22.0,,
2069-08-01,21.062177826490917,21.062177826490917,,
2069-09-01,18.500000000000316,18.500000000000316,,
2069-10-01,15.000000000000243,15.000000000000243,,
2069-11-01,11.500000000000107,11.500000000000107,,
2069-12-01,8.937822173509328,8.937822173509328,,
2070-01-01,8.0,8.0,,
2070-02-01,8.937822173509048,8.937822173509048,,
2070-03-01,11.49999999999962,11.49999999999962,,
2070-04-01,14.99999999999968,14.99999999999968,,
2070-05-01,18.49999999999914,18.49999999999914,,
2070-06-01,21.06217782649103,21.06217782649103,,
2070-07-01,22.0,22.0,,
2070-08-01,21.06217782649139,21.06217782649139,,
2070-09-01,18.500000000000444,18.500000000000444,,
2070-10-01,14.999999999999599,14.999999999999599,,
2070-11-01,11.500000000000238,11.500000000000238,,
2070-12-01,8.937822173509007,8.937822173509007,,
2071-01-01,8.0,8.0,,
2071-02-01,8.937822173508575,8.937822173508575,,
2071-03-01,11.500000000000178,11.500000000000178,,
2071-04-01,14.99999999999953,14.99999999999953,,
2071-05-01,18.499999999999698,18.499999999999698,,
2071-06-01,21.062177826490956,21.062177826490956,,
2071-07-01,22.0,22.0,,
2071-08-01,21.062177826491066,21.062177826491066,,
2071-09-01,18.499999999999886,18.499999999999886,,
2071-10-01,15.000000000000545,15.000000000000545,,
2071-11-01,11.50000000000037,11.50000000000037,,
2071-12-01,8.937822173508685,8.937822173508685,,
2072-01-01,8.0,8.0,,
2072-02-01,8.937822173508897,8.937822173508897,,
2072-03-01,11.499999999999357,11.499999999999357,,
2072-04-01,14.99999999999938,14.99999999999938,,
2072-05-01,18.500000000000256,18.500000000000256,,
2072-06-01,21.06217782649088,21.06217782649088,,
2072-07-01,22.0,22.0,,
2072-08-01,21.06217782649114,21.06217782649114,,
2072-09-01,18.500000000000707,18.500000000000707,,
2072-10-01,14.9999999999999,14.9999999999999,,
2072-11-01,11.49999999999981,11.49999999999981,,
2072-12-01,8.937822173509158,8.937822173509158,,
2073-01-01,8.0,8.0,,
2073-02-01,8.937822173508422,8.937822173508422,,
2073-03-01,11.499999999999917,11.499999999999917,,
2073-04-01,15.000000000000025,15.000000000000025,,
2073-05-01,18.499999999999435,18.499999999999435,,
2073-06-01,21.062177826490803,21.062177826490803,,
2073-07-01,22.0,22.0,,
2073-08-01,21.062177826491215,21.062177826491215,,
2073-09-01,18.50000000000015,18.50000000000015,,
2073-10-01,15.000000000000052,15.000000000000052,,
2073-11-01,11.500000000000629,11.500000000000629,,
2073-12-01,8.937822173508835,8.937822173508835,,
2074-01-01,8.0,8.0,,
2074-02-01,8.937822173508746,8.937822173508746,,
2074-03-01,11.499999999999787,11.499999999999787,,
2074-04-01,14.999999999999078,14.999999999999078,,
2074-05-01,18.499999999999993,18.499999999999993,,
2074-06-01,21.062177826491126,21.062177826491126,,
2074-07-01,22.0,22.0,,
2074-08-01,21.062177826491293,21.062177826491293,,
2074-09-01,18.49999999999959,18.49999999999959,,
2074-10-01,15.000000000000203,15.000000000000203,,
2074-11-01,11.500000000000071,11.500000000000071,,
2074-12-01,8.937822173509307,8.937822173509307,,
2075-01-01,8.0,8.0,,
2075-02-01,8.937822173509069,8.937822173509069,,
2075-03-01,11.499999999999655,11.499999999999655,,
2075-04-01,14.999999999999723,14.999999999999723,,
2075-05-01,18.499999999999865,18.499999999999865,,
2075-06-01,21.062177826490654,21.062177826490654,,
2075-07-01,22.0,22.0,,
2075-08-01,21.06217782649097,21.06217782649097,,
2075-09-01,18.50000000000041,18.50000000000041,,
2075-10-01,15.000000000000353,15.000000000000353,,
2075-11-01,11.500000000000892,11.500000000000892,,
2075-12-01,8.937822173508986,8.937822173508986,,
2076-01-01,8.0,8.0,,
2076-02-01,8.937822173508595,8.937822173508595,,
2076-03-01,11.499999999999526,11.499999999999526,,
2076-04-01,15.000000000000368,15.000000000000368,,
2076-05-01,18.499999999999734,18.499999999999734,,
2076-06-01,21.062177826490977,21.062177826490977,,
2076-07-01,22.0,22.0,,
2076-08-01,21.062177826491443,21.062177826491443,,
2076-09-01,18.49999999999985,18.49999999999985,,
2076-10-01,15.000000000000504,15.000000000000504,,
2076-11-01,11.500000000000332,11.500000000000332,,
2076-12-01,8.937822173509062,8.937822173509062,,
2077-01-01,8.0,8.0,,
2077-02-01,8.937822173508916,8.937822173508916,,
2077-03-01,11.500000000000083,11.500000000000083,,
2077-04-01,14.999999999999421,14.999999999999421,,
2077-05-01,18.499999999999602,18.499999999999602,,
2077-06-01,21.0621778264913,21.0621778264913,,
2077-07-01,22.0,22.0,,
2077-08-01,21.06217782649112,21.06217782649112,,
2077-09-01,18.50000000000067,18.50000000000067,,
2077-10-01,15.000000000000655,15.000000000000655,,
2077-11-01,11.499999999999774,11.499999999999774,,
2077-12-01,8.937822173509137,8.937822173509137,,
2078-01-01,8.0,8.0,,
2078-02-01,8.937822173508842,8.937822173508842,,
2078-03-01,11.499999999999263,11.499999999999263,,
2078-04-01,15.000000000000066,15.000000000000066,,
2078-05-01,18.50000000000016,18.50000000000016,,
2078-06-01,21.062177826490824,21.062177826490824,,
2078-07-01,22.0,22.0,,
2078-08-01,21.06217782649159,21.06217782649159,,
2078-09-01,18.500000000000114,18.500000000000114,,
2078-10-01,15.00000000000001,15.00000000000001,,
2078-11-01,11.500000000000593,11.500000000000593,,
2078-12-01,8.937822173509213,8.937822173509213,,
2079-01-01,8.0,8.0,,
2079-02-01,8.937822173508767,8.937822173508767,,
2079-03-01,11.499999999999822,11.499999999999822,,
2079-04-01,14.999999999999915,14.999999999999915,,
2079-05-01,18.49999999999934,18.49999999999934,,
2079-06-01,21.062177826491148,21.062177826491148,,
2079-07-01,22.0,22.0,,
2079-08-01,21.062177826491272,21.062177826491272,,
2079-09-01,18.50000000000024,18.50000000000024,,
2079-10-01,15.000000000000957,15.000000000000957,,
2079-11-01,11.500000000000036,11.500000000000036,,
2079-12-01,8.937822173508891,8.937822173508891,,
2080-01-01,8.0,8.0,,
2080-02-01,8.937822173508692,8.937822173508692,,
2080-03-01,11.50000000000038,11.50000000000038,,
2080-04-01,14.999999999999764,14.999999999999764,,
2080-05-01,18.4999999999999,18.4999999999999,,
2080-06-01,21.062177826490675,21.062177826490675,,
2080-07-01,22.0,22.0,,
2080-08-01,21.06217782649095,21.06217782649095,,
2080-09-01,18.500000000000377,18.500000000000377,,
2080-10-01,15.000000000000313,15.000000000000313,,
2080-11-01,11.500000000000167,11.500000000000167,,
2080-12-01,8.937822173509364,8.937822173509364,,
2081-01-01,8.0,8.0,,
2081-02-01,8.937822173509014,8.937822173509014,,
2081-03-01,11.49999999999956,11.49999999999956,,
2081-04-01,14.999999999999613,14.999999999999613,,
2081-05-01,18.49999999999908,18.49999999999908,,
2081-06-01,21.062177826490995,21.062177826490995,,
2081-07-01,22.0,22.0,,
2081-08-01,21.06217782649142,21.06217782649142,,
2081-09-01,18.500000000000504,18.500000000000504,,
2081-10-01,14.999999999999668,14.999999999999668,,
2081-11-01,11.500000000000297,11.500000000000297,,
2081-12-01,8.93782217350904,8.93782217350904,,
2082-01-01,8.0,8.0,,
2082-02-01,8.93782217350854,8.93782217350854,,
2082-03-01,11.500000000000119,11.500000000000119,,
2082-04-01,14.999999999999462,14.999999999999462,,
2082-05-01,18.499999999999638,18.499999999999638,,
2082-06-01,21.062177826490924,21.062177826490924,,
2082-07-01,22.0,22.0,,
2082-08-01,21.0621778264911,21.0621778264911,,
2082-09-01,18.499999999999947,18.499999999999947,,
2082-10-01,15.000000000000615,15.000000000000615,,
2082-11-01,11.500000000000428,11.500000000000428,,
2082-12-01,8.937822173508717,8.937822173508717,,
2083-01-01,8.0,8.0,,
2083-02-01,8.937822173508863,8.937822173508863,,
2083-03-01,11.4999999999993,11.4999999999993,,
2083-04-01,14.99999999999931,14.99999999999931,,
2083-05-01,18.500000000000195,18.500000000000195,,
2083-06-01,21.062177826490846,21.062177826490846,,
2083-07-01,22.0,22.0,,
2083-08-01,21.062177826491176,21.062177826491176,,
2083-09-01,18.500000000000767,18.500000000000767,,
2083-10-01,14.99999999999997,14.99999999999997,,
2083-11-01,11.499999999999869,11.499999999999869,,
2083-12-01,8.937822173509192,8.937822173509192,,
2084-01-01,8.0,8.0,,
2084-02-01,8.937822173508389,8.937822173508389,,
2084-03-01,11.499999999999858,11.499999999999858,,
2084-04-01,14.999999999999956,14.999999999999956,,
2084-05-01,18.499999999999375,18.499999999999375,,
2084-06-01,21.06217782649077,21.06217782649077,,
2084-07-01,22.0,22.0,,
2084-08-01,21.06217782649125,21.06217782649125,,
2084-09-01,18.500000000000206,18.500000000000206,,
2084-10-01,15.00000000000012,15.00000000000012,,
2084-11-01,11.50000000000069,11.50000000000069,,
2084-12-01,8.93782217350887,8.93782217350887,,
2085-01-01,8.0,8.0,,
2085-02-01,8.93782217350871,8.93782217350871,,
2085-03-01,11.499999999999726,11.499999999999726,,
2085-04-01,14.999999999999009,14.999999999999009,,
2085-05-01,18.499999999999936,18.499999999999936,,
2085-06-01,21.062177826491094,21.062177826491094,,
2085-07-01,22.0,22.0,,
2085-08-01,21.062177826491325,21.062177826491325,,
2085-09-01,18.49999999999965,18.49999999999965,,
2085-10-01,15.000000000000272,15.000000000000272,,
2085-11-01,11.500000000000131,11.500000000000131,,
2085-12-01,8.937822173509343,8.937822173509343,,
2086-01-01,8.0,8.0,,
2086-02-01,8.937822173509034,8.937822173509034,,
2086-03-01,11.499999999999595,11.499999999999595,,
2086-04-01,14.999999999999654,14.999999999999654,,
2086-05-01,18.499999999999805,18.499999999999805,,
2086-06-01,21.06217782649062,21.06217782649062,,
2086-07-01,22.0,22.0,,
2086-08-01,21.062177826491002,21.062177826491002,,
2086-09-01,18.50000000000047,18.50000000000047,,
2086-10-01,15.000000000000421,15.000000000000421,,
2086-11-01,11.50000000000095,11.50000000000095,,
2086-12-01,8.93782217350902,8.93782217350902,,
2087-01-01,8.0,8.0,,
2087-02-01,8.937822173508561,8.937822173508561,,
2087-03-01,11.499999999999465,11.499999999999465,,
2087-04-01,15.000000000000298,15.000000000000298,,
2087-05-01,18.499999999999673,18.499999999999673,,
2087-06-01,21.06217782649094,21.06217782649094,,
2087-07-01,22.0,22.0,,
2087-08-01,21.062177826491478,21.062177826491478,,
2087-09-01,18.49999999999991,18.49999999999991,,
2087-10-01,15.000000000000572,15.000000000000572,,
2087-11-01,11.500000000000393,11.500000000000393,,
2087-12-01,8.937822173509096,8.937822173509096,,
2088-01-01,8.0,8.0,,
2088-02-01,8.937822173508884,8.937822173508884,,
2088-03-01,11.500000000000023,11.500000000000023,,
2088-04-01,14.999999999999352,14.999999999999352,,
2088-05-01,18.49999999999954,18.49999999999954,,
2088-06-01,21.062177826491265,21.062177826491265,,
2088-07-01,22.0,22.0,,
2088-08-01,21.062177826491155,21.062177826491155,,
2088-09-01,18.500000000000043,18.500000000000043,,
2088-10-01,15.000000000000723,15.000000000000723,,
2088-11-01,11.499999999999833,11.499999999999833,,
2088-12-01,8.937822173509172,8.937822173509172,,
2089-01-01,8.0,8.0,,
2089-02-01,8.937822173508808,8.937822173508808,,
2089-03-01,11.499999999999204,11.499999999999204,,
2089-04-01,14.999999999999996,14.999999999999996,,
2089-05-01,18.5000000000001,18.5000000000001,,
2089-06-01,21.062177826490792,21.062177826490792,,
2089-07-01,22.0,22.0,,
2089-08-01,21.06217782649083,21.06217782649083,,
2089-09-01,18.50000000000017,18.50000000000017,,
2089-10-01,15.000000000000078,15.000000000000078,,
2089-11-01,11.500000000000654,11.500000000000654,,
2089-12-01,8.937822173509247,8.937822173509247,,
2090-01-01,8.0,8.0,,
2090-02-01,8.937822173508732,8.937822173508732,,
2090-03-01,11.499999999999762,11.499999999999762,,
2090-04-01,14.999999999999845,14.999999999999845,,
2090-05-01,18.499999999999282,18.499999999999282,,
2090-06-01,21.062177826491116,21.062177826491116,,
2090-07-01,22.0,22.0,,
2090-08-01,21.062177826491308,21.062177826491308,,
2090-09-01,18.500000000000302,18.500000000000302,,
2090-10-01,15.000000000001025,15.000000000001025,,
2090-11-01,11.500000000000096,11.500000000000096,,
2090-12-01,8.937822173508923,8.937822173508923,,
2091-01-01,8.0,8.0,,
2091-02-01,8.937822173508657,8.937822173508657,,
2091-03-01,11.500000000000322,11.500000000000322,,
2091-04-01,14.999999999999694,14.999999999999694,,
2091-05-01,18.49999999999984,18.49999999999984,,
2091-06-01,21.062177826491038,21.062177826491038,,
2091-07-01,22.0,22.0,,
2091-08-01,21.062177826490984,21.062177826490984,,
2091-09-01,18.500000000000433,18.500000000000433,,
2091-10-01,15.00000000000038,15.00000000000038,,
2091-11-01,11.500000000000226,11.500000000000226,,
2091-12-01,8.937822173509398,8.937822173509398,,
2092-01-01,8.0,8.0,,
2092-02-01,8.93782217350898,8.93782217350898,,
2092-03-01,11.4999999999995,11.4999999999995,,
2092-04-01,14.999999999999543,14.999999999999543,,
2092-05-01,18.500000000000398,18.500000000000398,,
2092-06-01,21.062177826490963,21.062177826490963,,
2092-07-01,22.0,22.0,,
2092-08-01,21.062177826491457,21.062177826491457,,
2092-09-01,18.500000000000565,18.500000000000565,,
2092-10-01,14.999999999999735,14.999999999999735,,
2092-11-01,11.500000000000355,11.500000000000355,,
2092-12-01,8.937822173509076,8.937822173509076,,
2093-01-01,8.0,8.0,,
2093-02-01,8.937822173508506,8.937822173508506,,
2093-03-01,11.50000000000006,11.50000000000006,,
2093-04-01,15.000000000000188,15.000000000000188,,
2093-05-01,18.499999999999577,18.499999999999577,,
2093-06-01,21.06217782649089,21.06217782649089,,
2093-07-01,22.0,22.0,,
2093-08-01,21.062177826491133,21.062177826491133,,
2093-09-01,18.500000000000007,18.500000000000007,,
2093-10-01,15.000000000000682,15.000000000000682,,
2093-11-01,11.500000000000487,11.500000000000487,,
2093-12-01,8.937822173508753,8.937822173508753,,
2094-01-01,8.0,8.0,,
2094-02-01,8.937822173508827,8.937822173508827,,
2094-03-01,11.499999999999929,11.499999999999929,,
2094-04-01,14.999999999999241,14.999999999999241,,
2094-05-01,18.500000000000135,18.500000000000135,,
2094-06-01,21.06217782649081,21.06217782649081,,
2094-07-01,22.0,22.0,,
2094-08-01,21.062177826491208,21.062177826491208,,
2094-09-01,18.500000000000824,18.500000000000824,,
2094-10-01,15.000000000000037,15.000000000000037,,
2094-11-01,11.499999999999929,11.499999999999929,,
2094-12-01,8.937822173509225,8.937822173509225,,
2095-01-01,8.0,8.0,,
2095-02-01,8.93782217350915,8.93782217350915,,
2095-03-01,11.499999999999797,11.499999999999797,,
2095-04-01,14.999999999999886,14.999999999999886,,
2095-05-01,18.499999999999318,18.499999999999318,,
2095-06-01,21.062177826490736,21.062177826490736,,
2095-07-01,22.0,22.0,,
2095-08-01,21.062177826491286,21.062177826491286,,
2095-09-01,18.500000000000266,18.500000000000266,,
2095-10-01,15.000000000000188,15.000000000000188,,
2095-11-01,11.500000000000748,11.500000000000748,,
2095-12-01,8.937822173508904,8.937822173508904,,
2096-01-01,8.0,8.0,,
2096-02-01,8.937822173508678,8.937822173508678,,
2096-03-01,11.499999999999668,11.499999999999668,,
2096-04-01,14.99999999999894,14.99999999999894,,
2096-05-01,18.499999999999876,18.499999999999876,,
2096-06-01,21.06217782649106,21.06217782649106,,
2096-07-01,22.0,22.0,,
2096-08-01,21.06217782649136,21.06217782649136,,
2096-09-01,18.49999999999971,18.49999999999971,,
2096-10-01,15.00000000000034,15.00000000000034,,
2096-11-01,11.50000000000019,11.50000000000019,,
2096-12-01,8.937822173508978,8.937822173508978,,
2097-01-01,8.0,8.0,,
2097-02-01,8.937822173509,8.937822173509,,
2097-03-01,11.499999999999536,11.499999999999536,,
2097-04-01,14.999999999999584,14.999999999999584,,
2097-05-01,18.499999999999744,18.499999999999744,,
2097-06-01,21.062177826490586,21.062177826490586,,
2097-07-01,22.0,22.0,,
2097-08-01,21.062177826491038,21.062177826491038,,
2097-09-01,18.50000000000053,18.50000000000053,,
2097-10-01,15.00000000000049,15.00000000000049,,
2097-11-01,11.49999999999963,11.49999999999963,,
2097-12-01,8.937822173509055,8.937822173509055,,
2098-01-01,8.0,8.0,,
2098-02-01,8.937822173508525,8.937822173508525,,
2098-03-01,11.499999999999407,11.499999999999407,,
2098-04-01,15.00000000000023,15.00000000000023,,
2098-05-01,18.499999999999613,18.499999999999613,,
2098-06-01,21.06217782649091,21.06217782649091,,
2098-07-01,22.0,22.0,,
2098-08-01,21.062177826491514,21.062177826491514,,
2098-09-01,18.49999999999997,18.49999999999997,,
2098-10-01,14.999999999999845,14.999999999999845,,
2098-11-01,11.500000000000451,11.500000000000451,,
2098-12-01,8.93782217350913,8.93782217350913,,
2099-01-01,8.0,8.0,,
2099-02-01,8.937822173508849,8.937822173508849,,
2099-03-01,11.499999999999964,11.499999999999964,,
2099-04-01,14.999999999999282,14.999999999999282,,
2099-05-01,18.49999999999948,18.49999999999948,,
2099-06-01,21.06217782649123,21.06217782649123,,
2099-07-01,22.0,22.0,,
2099-08-01,21.06217782649119,21.06217782649119,,
2099-09-01,18.5000000000001,18.5000000000001,,
2099-10-01,15.000000000000792,15.000000000000792,,
2099-11-01,11.499999999999893,11.499999999999893,,
2099-12-01,8.937822173509206,8.937822173509206,,
1950-01-01,,,5.0,
1950-02-01,,,5.669872981077807,
1950-03-01,,,7.499999999999981,
1950-04-01,,,9.999999999999996,
1950-05-01,,,12.50000000000001,
1950-06-01,,,14.330127018922195,
1950-07-01,,,15.0,
1950-08-01,,,14.330127018922195,
1950-09-01,,,12.500000000000018,
1950-10-01,,,10.0,
1950-11-01,,,7.49999999999998,
1950-12-01,,,5.669872981077807,
1951-01-01,,,5.0,
1951-02-01,,,5.6698729810778055,
1951-03-01,,,7.499999999999976,
1951-04-01,,,9.999999999999982,
1951-05-01,,,12.500000000000007,
1951-06-01,,,14.330127018922195,
1951-07-01,,,15.0,
1951-08-01,,,14.330127018922195,
1951-09-01,,,12.500000000000014,
1951-10-01,,,10.000000000000002,
1951-11-01,,,7.499999999999992,
1951-12-01,,,5.669872981077814,
1952-01-01,,,5.0,
1952-02-01,,,5.669872981077804,
1952-03-01,,,7.499999999999996,
1952-04-01,,,9.99999999999998,
1952-05-01,,,12.500000000000018,
1952-06-01,,,14.330127018922191,
1952-07-01,,,15.0,
1952-08-01,,,14.330127018922195,
1952-09-01,,,12.500000000000025,
1952-10-01,,,9.999999999999991,
1952-11-01,,,7.499999999999983,
1952-12-01,,,5.669872981077809,
1953-01-01,,,5.0,
1953-02-01,,,5.669872981077802,
1953-03-01,,,7.4999999999999725,
1953-04-01,,,9.999999999999979,
1953-05-01,,,12.500000000000014,
1953-06-01,,,14.33012701892218,
1953-07-01,,,15.0,
1953-08-01,,,14.330127018922195,
1953-09-01,,,12.500000000000028,
1953-10-01,,,9.999999999999993,
1953-11-01,,,7.500000000000006,
1953-12-01,,,5.669872981077809,
1954-01-01,,,5.0,
1954-02-01,,,5.669872981077802,
1954-03-01,,,7.499999999999992,
1954-04-01,,,9.999999999999977,
1954-05-01,,,12.500000000000014,
1954-06-01,,,14.330127018922191,
1954-07-01,,,15.0,
1954-08-01,,,14.330127018922187,
1954-09-01,,,12.500000000000028,
1954-10-01,,,9.999999999999995,
1954-11-01,,,7.499999999999964,
1954-12-01,,,5.669872981077811,
1955-01-01,,,5.0,
1955-02-01,,,5.669872981077802,
1955-03-01,,,7.49999999999999,
1955-04-01,,,10.000000000000025,
1955-05-01,,,12.499999999999968,
1955-06-01,,,14.330127018922177,
1955-07-01,,,15.0,
1955-08-01,,,14.330127018922187,
1955-09-01,,,12.499999999999986,
1955-10-01,,,10.000000000000046,
1955-11-01,,,7.500000000000008,
1955-12-01,,,5.669872981077813,
1956-01-01,,,5.0,
1956-02-01,,,5.669872981077814,
1956-03-01,,,7.500000000000002,
1956-04-01,,,9.999999999999973,
1956-05-01,,,12.50000000000001,
1956-06-01,,,14.330127018922193,
1956-07-01,,,15.0,
1956-08-01,,,14.33012701892218,
1956-09-01,,,12.500000000000018,
1956-10-01,,,9.999999999999998,
1956-11-01,,,7.500000000000052,
1956-12-01,,,5.669872981077798,
1957-01-01,,,5.0,
1957-02-01,,,5.669872981077804,
1957-03-01,,,7.499999999999993,
1957-04-01,,,9.999999999999924,
1957-05-01,,,12.499999999999968,
1957-06-01,,,14.330127018922173,
1957-07-01,,,15.0,
1957-08-01,,,14.330127018922187,
1957-09-01,,,12.500000000000002,
1957-10-01,,,10.00000000000005,
1957-11-01,,,7.5000000000000115,
1957-12-01,,,5.669872981077813,
1958-01-01,,,5.0,
1958-02-01,,,5.669872981077813,
1958-03-01,,,7.5000000000000036,
1958-04-01,,,9.999999999999972,
1958-05-01,,,12.500000000000007,
1958-06-01,,,14.330127018922195,
1958-07-01,,,15.0,
1958-08-01,,,14.330127018922186,
1958-09-01,,,12.50000000000002,
1958-10-01,,,10.000000000000002,
1958-11-01,,,7.499999999999988,
1958-12-01,,,5.669872981077837,
1959-01-01,,,5.0,
1959-02-01,,,5.669872981077802,
1959-03-01,,,7.499999999999994,
1959-04-01,,,10.00000000000002,
1959-05-01,,,12.499999999999964,
1959-06-01,,,14.330127018922173,
1959-07-01,,,15.0,
1959-08-01,,,14.330127018922191,
1959-09-01,,,12.499999999999993,
1959-10-01,,,10.000000000000053,
1959-11-01,,,7.500000000000015,
1959-12-01,,,5.669872981077814,
1960-01-01,,,5.0,
1960-02-01,,,5.6698729810778214,
1960-03-01,,,7.5000000000000036,
1960-04-01,,,9.999999999999968,
1960-05-01,,,12.5,
1960-06-01,,,14.330127018922195,
1960-07-01,,,15.0,
1960-08-01,,,14.330127018922166,
1960-09-01,,,12.500000000000014,
1960-10-01,,,10.000000000000005,
1960-11-01,,,7.499999999999991,
1960-12-01,,,5.669872981077797,
1961-01-01,,,5.0,
1961-02-01,,,5.6698729810777975,
1961-03-01,,,7.499999999999989,
1961-04-01,,,10.000000000000016,
1961-05-01,,,12.500000000000018,
1961-06-01,,,14.330127018922177,
1961-07-01,,,15.0,
1961-08-01,,,14.330127018922191,
1961-09-01,,,12.499999999999996,
1961-10-01,,,10.000000000000057,
1961-11-01,,,7.5000000000000195,
1961-12-01,,,5.669872981077816,
1962-01-01,,,5.0,
1962-02-01,,,5.66987298107782,
1962-03-01,,,7.500000000000002,
1962-04-01,,,10.000000000000064,
1962-05-01,,,12.499999999999996,
1962-06-01,,,14.330127018922195,
1962-07-01,,,15.0,
1962-08-01,,,14.330127018922186,
1962-09-01,,,12.500000000000021,
1962-10-01,,,10.000000000000009,
1962-11-01,,,7.499999999999991,
1962-12-01,,,5.669872981077795,
1963-01-01,,,5.0,
1963-02-01,,,5.669872981077796,
1963-03-01,,,7.499999999999991,
1963-04-01,,,10.000000000000012,
1963-05-01,,,12.500000000000028,
1963-06-01,,,14.33012701892217,
1963-07-01,,,15.0,
1963-08-01,,,14.330127018922195,
1963-09-01,,,12.500000000000053,
1963-10-01,,,10.00000000000006,
1963-11-01,,,7.5000000000000036,
1963-12-01,,,5.669872981077802,
1964-01-01,,,5.0,
1964-02-01,,,5.66987298107782,
1964-03-01,,,7.50000000000002,
1964-04-01,,,9.999999999999961,
1964-05-01,,,12.5,
1964-06-01,,,14.330127018922195,
1964-07-01,,,15.0,
1964-08-01,,,14.330127018922187,
1964-09-01,,,12.500000000000027,
1964-10-01,,,9.999999999999913,
1964-11-01,,,7.499999999999983,
1964-12-01,,,5.669872981077796,
1965-01-01,,,5.0,
1965-02-01,,,5.669872981077797,
1965-03-01,,,7.499999999999984,
1965-04-01,,,10.000000000000009,
1965-05-01,,,12.499999999999954,
1965-06-01,,,14.330127018922166,
1965-07-01,,,15.0,
1965-08-01,,,14.330127018922145,
1965-09-01,,,12.500000000000002,
1965-10-01,,,9.999999999999964,
1965-11-01,,,7.499999999999955,
1965-12-01,,,5.66987298107782,
1966-01-01,,,5.0,
1966-02-01,,,5.669872981077816,
1966-03-01,,,7.4999999999999485,
1966-04-01,,,9.999999999999957,
1966-05-01,,,12.499999999999996,
1966-06-01,,,14.330127018922145,
1966-07-01,,,15.0,
1966-08-01,,,14.330127018922173,
1966-09-01,,,12.499999999999961,
1966-10-01,,,10.000000000000016,
1966-11-01,,,7.499999999999988,
1966-12-01,,,5.669872981077795,
1967-01-01,,,5.0,
1967-02-01,,,5.669872981077792,
1967-03-01,,,7.499999999999983,
1967-04-01,,,9.999999999999906,
1967-05-01,,,12.500000000000027,
1967-06-01,,,14.330127018922209,
1967-07-01,,,15.0,
1967-08-01,,,14.330127018922198,
1967-09-01,,,12.500000000000004,
1967-10-01,,,9.999999999999968,
1967-11-01,,,7.5000000000000275,
1967-12-01,,,5.6698729810778214,
1968-01-01,,,5.0,
1968-02-01,,,5.669872981077775,
1968-03-01,,,7.499999999999945,
1968-04-01,,,10.000000000000053,
1968-05-01,,,12.500000000000053,
1968-06-01,,,14.330127018922191,
1968-07-01,,,15.0,
1968-08-01,,,14.330127018922173,
1968-09-01,,,12.500000000000034,
1968-10-01,,,10.00000000000002,
1968-11-01,,,7.499999999999998,
1968-12-01,,,5.669872981077848,
1969-01-01,,,5.0,
1969-02-01,,,5.669872981077791,
1969-03-01,,,7.500000000000056,
1969-04-01,,,10.000000000000002,
1969-05-01,,,12.500000000000021,
1969-06-01,,,14.33012701892221,
1969-07-01,,,15.0,
1969-08-01,,,14.330127018922198,
1969-09-01,,,12.499999999999998,
1969-10-01,,,10.000000000000071,
1969-11-01,,,7.500000000000029,
1969-12-01,,,5.669872981077823,
1970-01-01,,,5.0,
1970-02-01,,,5.669872981077813,
1970-03-01,,,7.49999999999995,
1970-04-01,,,10.00000000000005,
1970-05-01,,,12.49999999999998,
1970-06-01,,,14.330127018922138,
1970-07-01,,,15.0,
1970-08-01,,,14.330127018922214,
1970-09-01,,,12.500000000000044,
1970-10-01,,,10.000000000000222,
1970-11-01,,,7.500000000000074,
1970-12-01,,,5.6698729810778,
1971-01-01,,,5.0,
1971-02-01,,,5.669872981077757,
1971-03-01,,,7.499999999999984,
1971-04-01,,,9.999999999999899,
1971-05-01,,,12.499999999999858,
1971-06-01,,,14.330127018922163,
1971-07-01,,,15.0,
1971-08-01,,,14.330127018922255,
1971-09-01,,,12.500000000000055,
1971-10-01,,,10.000000000000172,
1971-11-01,,,7.500000000000033,
1971-12-01,,,5.669872981077875,
1972-01-01,,,5.0,
1972-02-01,,,5.669872981077769,
1972-03-01,,,7.499999999999895,
1972-04-01,,,9.999999999999947,
1972-05-01,,,12.4999999999999,
1972-06-01,,,14.330127018922088,
1972-07-01,,,15.0,
1972-08-01,,,14.330127018922248,
1972-09-01,,,12.500000000000034,
1972-10-01,,,10.000000000000124,
1972-11-01,,,7.5000000000000036,
1972-12-01,,,5.669872981077852,
1973-01-01,,,5.0,
1973-02-01,,,5.6698729810777895,
1973-03-01,,,7.499999999999913,
1973-04-01,,,9.999999999999796,
1973-05-01,,,12.499999999999943,
1973-06-01,,,14.330127018922113,
1973-07-01,,,15.0,
1973-08-01,,,14.330127018922237,
1973-09-01,,,12.5,
1973-10-01,,,10.000000000000076,
1973-11-01,,,7.500000000000122,
1973-12-01,,,5.669872981077827,
1974-01-01,,,5.0,
1974-02-01,,,5.669872981077736,
1974-03-01,,,7.499999999999945,
1974-04-01,,,9.999999999999844,
1974-05-01,,,12.499999999999812,
1974-06-01,,,14.330127018922138,
1974-07-01,,,15.0,
1974-08-01,,,14.330127018922221,
1974-09-01,,,12.500000000000103,
1974-10-01,,,10.000000000000028,
1974-11-01,,,7.500000000000081,
1974-12-01,,,5.669872981077901,
1975-01-01,,,5.0,
1975-02-01,,,5.669872981077749,
1975-03-01,,,7.499999999999893,
1975-04-01,,,9.999999999999892,
1975-05-01,,,12.499999999999854,
1975-06-01,,,14.330127018922159,
1975-07-01,,,15.0,
1975-08-01,,,14.330127018922202,
1975-09-01,,,12.500000000000071,
1975-10-01,,,10.00000000000018,
1975-11-01,,,7.5000000000000435,
1975-12-01,,,5.669872981077878,
1976-01-01,,,5.0,
1976-02-01,,,5.669872981077766,
1976-03-01,,,7.499999999999893,
1976-04-01,,,9.99999999999994,
1976-05-01,,,12.499999999999893,
1976-06-01,,,14.330127018922184,
1976-07-01,,,15.0,
1976-08-01,,,14.330127018922251,
1976-09-01,,,12.500000000000039,
1976-10-01,,,10.000000000000131,
1976-11-01,,,7.50000000000017,
1976-12-01,,,5.669872981077855,
1977-01-01,,,5.0,
1977-02-01,,,5.669872981077722,
1977-03-01,,,7.499999999999913,
1977-04-01,,,9.999999999999988,
1977-05-01,,,12.499999999999766,
1977-06-01,,,14.33012701892211,
1977-07-01,,,15.0,
1977-08-01,,,14.330127018922242,
1977-09-01,,,12.500000000000005,
1977-10-01,,,10.000000000000083,
1977-11-01,,,7.499999999999973,
1977-12-01,,,5.66987298107793,
1978-01-01,,,5.0,
1978-02-01,,,5.669872981077728,
1978-03-01,,,7.499999999999943,
1978-04-01,,,9.999999999999837,
1978-05-01,,,12.499999999999968,
1978-06-01,,,14.330127018922031,
1978-07-01,,,15.0,
1978-08-01,,,14.330127018922221,
1978-09-01,,,12.500000000000107,
1978-10-01,,,10.000000000000036,
1978-11-01,,,7.500000000000086,
1978-12-01,,,5.6698729810778055,
1979-01-01,,,5.0,
1979-02-01,,,5.6698729810777415,
1979-03-01,,,7.499999999999851,
1979-04-01,,,9.999999999999885,
1979-05-01,,,12.499999999999847,
1979-06-01,,,14.330127018922155,
1979-07-01,,,15.0,
1979-08-01,,,14.330127018922262,
1979-09-01,,,12.500000000000076,
1979-10-01,,,10.000000000000187,
1979-11-01,,,7.500000000000054,
1979-12-01,,,5.669872981077882,
1980-01-01,,,5.0,
1980-02-01,,,5.669872981077695,
1980-03-01,,,7.499999999999878,
1980-04-01,,,9.999999999999932,
1980-05-01,,,12.49999999999989,
1980-06-01,,,14.33012701892218,
1980-07-01,,,15.0,
1980-08-01,,,14.330127018922184,
1980-09-01,,,12.50000000000012,
1980-10-01,,,10.000000000000139,
1980-11-01,,,7.500000000000175,
1980-12-01,,,5.669872981077859,
1981-01-01,,,5.0,
1981-02-01,,,5.669872981077782,
1981-03-01,,,7.500000000000046,
1981-04-01,,,9.999999999999782,
1981-05-01,,,12.499999999999925,
1981-06-01,,,14.330127018922106,
1981-07-01,,,15.0,
1981-08-01,,,14.33012701892224,
1981-09-01,,,12.500000000000009,
1981-10-01,,,10.00000000000029,
1981-11-01,,,7.500000000000134,
1981-12-01,,,5.669872981077933,
1982-01-01,,,5.0,
1982-02-01,,,5.669872981077802,
1982-03-01,,,7.499999999999935,
1982-04-01,,,10.000000000000028,
1982-05-01,,,12.499999999999801,
1982-06-01,,,14.33012701892213,
1982-07-01,,,15.0,
1982-08-01,,,14.330127018922227,
1982-09-01,,,12.500000000000107,
1982-10-01,,,10.000000000000043,
1982-11-01,,,7.500000000000264,
1982-12-01,,,5.6698729810779085,
1983-01-01,,,5.0,
1983-02-01,,,5.66987298107774,
1983-03-01,,,7.499999999999968,
1983-04-01,,,9.999999999999877,
1983-05-01,,,12.5,
1983-06-01,,,14.330127018922052,
1983-07-01,,,15.0,
1983-08-01,,,14.330127018922266,
1983-09-01,,,12.500000000000082,
1983-10-01,,,10.000000000000194,
1983-11-01,,,7.5000000000000595,
1983-12-01,,,5.669872981077787,
1984-01-01,,,5.0,
1984-02-01,,,5.6698729810777575,
1984-03-01,,,7.499999999999875,
1984-04-01,,,9.999999999999925,
1984-05-01,,,12.499999999999883,
1984-06-01,,,14.330127018922177,
1984-07-01,,,15.0,
1984-08-01,,,14.330127018922258,
1984-09-01,,,12.500000000000053,
1984-10-01,,,10.000000000000146,
1984-11-01,,,7.500000000000023,
1984-12-01,,,5.669872981077862,
1985-01-01,,,5.0,
1985-02-01,,,5.669872981077708,
1985-03-01,,,7.499999999999896,
1985-04-01,,,9.999999999999774,
1985-05-01,,,12.499999999999925,
1985-06-01,,,14.330127018922102,
1985-07-01,,,15.0,
1985-08-01,,,14.330127018922163,
1985-09-01,,,12.500000000000144,
1985-10-01,,,10.000000000000098,
1985-11-01,,,7.500000000000139,
1985-12-01,,,5.669872981077837,
1986-01-01,,,5.0,
1986-02-01,,,5.6698729810778,
1986-03-01,,,7.499999999999803,
1986-04-01,,,9.999999999999824,
1986-05-01,,,12.499999999999794,
1986-06-01,,,14.330127018922123,
1986-07-01,,,15.0,
1986-08-01,,,14.330127018922234,
1986-09-01,,,12.499999999999975,
1986-10-01,,,10.000000000000249,
1986-11-01,,,7.500000000000099,
1986-12-01,,,5.669872981077912,
1987-01-01,,,5.0,
1987-02-01,,,5.669872981077734,
1987-03-01,,,7.499999999999961,
1987-04-01,,,9.999999999999673,
1987-05-01,,,12.499999999999837,
1987-06-01,,,14.330127018922148,
1987-07-01,,,15.0,
1987-08-01,,,14.330127018922212,
1987-09-01,,,12.500000000000092,
1987-10-01,,,10.000000000000002,
1987-11-01,,,7.500000000000228,
1987-12-01,,,5.669872981077887,
1988-01-01,,,5.0,
1988-02-01,,,5.669872981077756,
1988-03-01,,,7.499999999999858,
1988-04-01,,,9.99999999999992,
1988-05-01,,,12.500000000000034,
1988-06-01,,,14.330127018922074,
1988-07-01,,,15.0,
1988-08-01,,,14.330127018922264,
1988-09-01,,,12.500000000000053,
1988-10-01,,,10.000000000000153,
1988-11-01,,,7.5000000000000275,
1988-12-01,,,5.669872981077964,
1989-01-01,,,5.0,
1989-02-01,,,5.669872981077711,
1989-03-01,,,7.4999999999998845,
1989-04-01,,,9.999999999999968,
1989-05-01,,,12.499999999999918,
1989-06-01,,,14.330127018922198,
1989-07-01,,,15.0,
1989-08-01,,,14.330127018922253,
1989-09-01,,,12.50000000000014,
1989-10-01,,,10.000000000000105,
1989-11-01,,,7.500000000000145,
1989-12-01,,,5.669872981077841,
1990-01-01,,,5.0,
1990-02-01,,,5.6698729810777175,
1990-03-01,,,7.499999999999923,
1990-04-01,,,9.999999999999817,
1990-05-01,,,12.499999999999954,
1990-06-01,,,14.330127018922223,
1990-07-01,,,15.0,
1990-08-01,,,14.330127018922234,
1990-09-01,,,12.499999999999982,
1990-10-01,,,10.000000000000256,
1990-11-01,,,7.500000000000104,
1990-12-01,,,5.669872981077816,
1991-01-01,,,5.0,
1991-02-01,,,5.669872981077733,
1991-03-01,,,7.499999999999954,
1991-04-01,,,10.000000000000064,
1991-05-01,,,12.49999999999983,
1991-06-01,,,14.330127018922145,
1991-07-01,,,15.0,
1991-08-01,,,14.330127018922292,
1991-09-01,,,12.500000000000107,
1991-10-01,,,10.000000000000009,
1991-11-01,,,7.499999999999916,
1991-12-01,,,5.6698729810778925,
1992-01-01,,,5.0,
1992-02-01,,,5.669872981077685,
1992-03-01,,,7.499999999999853,
1992-04-01,,,9.999999999999913,
1992-05-01,,,12.50000000000003,
1992-06-01,,,14.33012701892207,
1992-07-01,,,15.0,
1992-08-01,,,14.330127018922347,
1992-09-01,,,12.500000000000204,
1992-10-01,,,10.00000000000016,
1992-11-01,,,7.500000000000034,
1992-12-01,,,5.669872981077775,
1993-01-01,,,5.0,
1993-02-01,,,5.669872981077775,
1993-03-01,,,7.49999999999979,
1993-04-01,,,9.999999999999762,
1993-05-01,,,12.499999999999915,
1993-06-01,,,14.330127018922195,
1993-07-01,,,15.0,
1993-08-01,,,14.33012701892226,
1993-09-01,,,12.500000000000028,
1993-10-01,,,10.00000000000031,
1993-11-01,,,7.500000000000152,
1993-12-01,,,5.6698729810778445,
1994-01-01,,,5.0,
1994-02-01,,,5.66987298107772,
1994-03-01,,,7.499999999999916,
1994-04-01,,,9.999999999999611,
1994-05-01,,,12.499999999999783,
1994-06-01,,,14.330127018922116,
1994-07-01,,,15.0,
1994-08-01,,,14.330127018922145,
1994-09-01,,,12.500000000000144,
1994-10-01,,,10.000000000000064,
1994-11-01,,,7.5000000000002816,
1994-12-01,,,5.669872981077919,
1995-01-01,,,5.0,
1995-02-01,,,5.669872981077816,
1995-03-01,,,7.4999999999998215,
1995-04-01,,,9.999999999999858,
1995-05-01,,,12.499999999999986,
1995-06-01,,,14.330127018922045,
1995-07-01,,,15.0,
1995-08-01,,,14.330127018922223,
1995-09-01,,,12.499999999999954,
1995-10-01,,,10.000000000000215,
1995-11-01,,,7.500000000000069,
1995-12-01,,,5.669872981077994,
1996-01-01,,,5.0,
1996-02-01,,,5.66987298107775,
1996-03-01,,,7.499999999999991,
1996-04-01,,,10.000000000000105,
1996-05-01,,,12.499999999999865,
1996-06-01,,,14.330127018922166,
1996-07-01,,,15.0,
1996-08-01,,,14.330127018922285,
1996-09-01,,,12.500000000000073,
1996-10-01,,,9.999999999999968,
1996-11-01,,,7.500000000000198,
1996-12-01,,,5.669872981077871,
1997-01-01,,,5.0,
1997-02-01,,,5.6698729810777,
1997-03-01,,,7.499999999999872,
1997-04-01,,,9.999999999999954,
1997-05-01,,,12.500000000000064,
1997-06-01,,,14.330127018922092,
1997-07-01,,,15.0,
1997-08-01,,,14.330127018922326,
1997-09-01,,,12.500000000000195,
1997-10-01,,,10.000000000000119,
1997-11-01,,,7.5,
1997-12-01,,,5.669872981077948,
1998-01-01,,,5.0,
1998-02-01,,,5.669872981077791,
1998-03-01,,,7.499999999999773,
1998-04-01,,,9.999999999999803,
1998-05-01,,,12.499999999999945,
1998-06-01,,,14.330127018922216,
1998-07-01,,,15.0,
1998-08-01,,,14.33012701892224,
1998-09-01,,,12.500000000000291,
1998-10-01,,,10.00000000000027,
1998-11-01,,,7.500000000000116,
1998-12-01,,,5.669872981077823,
1999-01-01,,,5.0,
1999-02-01,,,5.669872981077728,
1999-03-01,,,7.499999999999943,
1999-04-01,,,9.999999999999652,
1999-05-01,,,12.499999999999819,
1999-06-01,,,14.330127018922138,
1999-07-01,,,15.0,
1999-08-01,,,14.330127018922305,
1999-09-01,,,12.500000000000117,
1999-10-01,,,10.000000000000421,
1999-11-01,,,7.500000000000246,
1999-12-01,,,5.669872981077898,
2000-01-01,,,5.0,
2000-02-01,,,5.669872981077837,
2000-03-01,,,7.499999999999834,
2000-04-01,,,9.999999999999899,
2000-05-01,,,12.499999999999687,
2000-06-01,,,14.330127018922063,
2000-07-01,,,15.0,
2000-08-01,,,14.330127018922202,
2000-09-01,,,12.500000000000233,
2000-10-01,,,10.000000000000172,
2000-11-01,,,7.500000000000046,
2000-12-01,,,5.669872981077974,
2001-01-01,,,5.0,
2001-02-01,,,5.669872981077773,
2001-03-01,,,7.500000000000023,
2001-04-01,,,9.999999999999748,
2001-05-01,,,12.4999999999999,
2001-06-01,,,14.330127018921988,
2001-07-01,,,15.0,
2001-08-01,,,14.330127018922267,
2001-09-01,,,12.500000000000043,
2001-10-01,,,9.999999999999925,
2001-11-01,,,7.5000000000001625,
2001-12-01,,,5.669872981077852,
2002-01-01,,,5.0,
2002-02-01,,,5.669872981077721,
2002-03-01,,,7.499999999999903,
2002-04-01,,,9.999999999999995,
2002-05-01,,,12.499999999999769,
2002-06-01,,,14.330127018922113,
2002-07-01,,,15.0,
2002-08-01,,,14.330127018922319,
2002-09-01,,,12.50000000000016,
2002-10-01,,,10.000000000000076,
2002-11-01,,,7.499999999999966,
2002-12-01,,,5.669872981077926,
2003-01-01,,,5.0,
2003-02-01,,,5.669872981077649,
2003-03-01,,,7.499999999999782,
2003-04-01,,,9.999999999999844,
2003-05-01,,,12.499999999999975,
2003-06-01,,,14.330127018922237,
2003-07-01,,,15.0,
2003-08-01,,,14.33012701892223,
2003-09-01,,,12.500000000000265,
2003-10-01,,,10.000000000000227,
2003-11-01,,,7.500000000000082,
2003-12-01,,,5.6698729810778055,
2004-01-01,,,5.0,
2004-02-01,,,5.669872981077743,
2004-03-01,,,7.499999999999682,
2004-04-01,,,9.999999999999693,
2004-05-01,,,12.499999999999854,
2004-06-01,,,14.330127018922159,
2004-07-01,,,15.0,
2004-08-01,,,14.330127018922294,
2004-09-01,,,12.500000000000327,
2004-10-01,,,9.99999999999998,
2004-11-01,,,7.5000000000002105,
2004-12-01,,,5.669872981077878,
2005-01-01,,,5.0,
2005-02-01,,,5.669872981077859,
2005-03-01,,,7.499999999999855,
2005-04-01,,,9.999999999999542,
2005-05-01,,,12.500000000000053,
2005-06-01,,,14.330127018922084,
2005-07-01,,,15.0,
2005-08-01,,,14.330127018922333,
2005-09-01,,,12.49999999999989,
2005-10-01,,,10.000000000000131,
2005-11-01,,,7.50000000000034,
2005-12-01,,,5.669872981077955,
2006-01-01,,,5.0,
2006-02-01,,,5.669872981077786,
2006-03-01,,,7.499999999999746,
2006-04-01,,,10.000000000000187,
2006-05-01,,,12.49999999999993,
2006-06-01,,,14.33012701892201,
2006-07-01,,,15.0,
2006-08-01,,,14.330127018922248,
2006-09-01,,,12.50000000000001,
2006-10-01,,,10.000000000000282,
2006-11-01,,,7.500000000000472,
2006-12-01,,,5.66987298107783,
2007-01-01,,,5.0,
2007-02-01,,,5.669872981077717,
2007-03-01,,,7.499999999999931,
2007-04-01,,,10.000000000000036,
2007-05-01,,,12.499999999999808,
2007-06-01,,,14.330127018921932,
2007-07-01,,,15.0,
2007-08-01,,,14.330127018922305,
2007-09-01,,,12.500000000000124,
2007-10-01,,,10.000000000000433,
2007-11-01,,,7.499999999999932,
2007-12-01,,,5.669872981077905,
2008-01-01,,,5.0,
2008-02-01,,,5.66987298107783,
2008-03-01,,,7.499999999999813,
2008-04-01,,,9.999999999999885,
2008-05-01,,,12.499999999999677,
2008-06-01,,,14.330127018922248,
2008-07-01,,,15.0,
2008-08-01,,,14.330127018922362,
2008-09-01,,,12.500000000000249,
2008-10-01,,,10.000000000000187,
2008-11-01,,,7.500000000000059,
2008-12-01,,,5.669872981077981,
2009-01-01,,,5.0,
2009-02-01,,,5.669872981077761,
2009-03-01,,,7.499999999999713,
2009-04-01,,,9.999999999999734,
2009-05-01,,,12.49999999999989,
2009-06-01,,,14.33012701892218,
2009-07-01,,,15.0,
2009-08-01,,,14.330127018922084,
2009-09-01,,,12.500000000000053,
2009-10-01,,,10.000000000000338,
2009-11-01,,,7.500000000000175,
2009-12-01,,,5.669872981077859,
2010-01-01,,,5.0,
2010-02-01,,,5.669872981077697,
2010-03-01,,,7.499999999999636,
2010-04-01,,,9.99999999999998,
2010-05-01,,,12.499999999999758,
2010-06-01,,,14.330127018922106,
2010-07-01,,,15.0,
2010-08-01,,,14.330127018922159,
2010-09-01,,,12.500000000000178,
2010-10-01,,,10.000000000000488,
2010-11-01,,,7.499999999999978,
2010-12-01,,,5.669872981077933,
2011-01-01,,,5.0,
2011-02-01,,,5.669872981077642,
2011-03-01,,,7.50000000000009,
2011-04-01,,,9.99999999999983,
2011-05-01,,,12.499999999999627,
2011-06-01,,,14.33012701892223,
2011-07-01,,,15.0,
2011-08-01,,,14.330127018922232,
2011-09-01,,,12.500000000000288,
2011-10-01,,,9.999999999999844,
2011-11-01,,,7.5000000000000995,
2011-12-01,,,5.669872981078008,
2012-01-01,,,5.0,
2012-02-01,,,5.669872981077739,
2012-03-01,,,7.499999999999967,
2012-04-01,,,9.999999999999678,
2012-05-01,,,12.500000000000163,
2012-06-01,,,14.330127018922152,
2012-07-01,,,15.0,
2012-08-01,,,14.330127018922298,
2012-09-01,,,12.500000000000096,
2012-10-01,,,9.999999999999995,
2012-11-01,,,7.500000000000223,
2012-12-01,,,5.669872981078084,
2013-01-01,,,5.0,
2013-02-01,,,5.669872981077679,
2013-03-01,,,7.4999999999998455,
2013-04-01,,,9.999999999999925,
2013-05-01,,,12.500000000000044,
2013-06-01,,,14.330127018922077,
2013-07-01,,,15.0,
2013-08-01,,,14.330127018922187,
2013-09-01,,,12.500000000000215,
2013-10-01,,,10.000000000000146,
2013-11-01,,,7.500000000000354,
2013-12-01,,,5.669872981077766,
2014-01-01,,,5.0,
2014-02-01,,,5.669872981077615,
2014-03-01,,,7.500000000000047,
2014-04-01,,,9.999999999999776,
2014-05-01,,,12.49999999999992,
2014-06-01,,,14.330127018922003,
2014-07-01,,,15.0,
2014-08-01,,,14.330127018922253,
2014-09-01,,,12.500000000000322,
2014-10-01,,,10.000000000000297,
2014-11-01,,,7.500000000000139,
2014-12-01,,,5.669872981077837,
2015-01-01,,,5.0,
2015-02-01,,,5.6698729810779,
2015-03-01,,,7.499999999999918,
2015-04-01,,,9.999999999999625,
2015-05-01,,,12.499999999999794,
2015-06-01,,,14.330127018922123,
2015-07-01,,,15.0,
2015-08-01,,,14.330127018922319,
2015-09-01,,,12.500000000000387,
2015-10-01,,,10.00000000000005,
2015-11-01,,,7.500000000000269,
2015-12-01,,,5.669872981077912,
2016-01-01,,,5.0,
2016-02-01,,,5.669872981077823,
2016-03-01,,,7.499999999999806,
2016-04-01,,,9.999999999999474,
2016-05-01,,,12.499999999999995,
2016-06-01,,,14.330127018922049,
2016-07-01,,,15.0,
2016-08-01,,,14.330127018922369,
2016-09-01,,,12.499999999999943,
2016-10-01,,,10.0000000000002,
2016-11-01,,,7.500000000000401,
2016-12-01,,,5.669872981077788,
2017-01-01,,,5.0,
2017-02-01,,,5.66987298107775,
2017-03-01,,,7.499999999999703,
2017-04-01,,,10.000000000000119,
2017-05-01,,,12.49999999999988,
2017-06-01,,,14.330127018921974,
2017-07-01,,,15.0,
2017-08-01,,,14.330127018922276,
2017-09-01,,,12.500000000000066,
2017-10-01,,,10.000000000000352,
2017-11-01,,,7.499999999999873,
2017-12-01,,,5.669872981077864,
2018-01-01,,,5.0,
2018-02-01,,,5.669872981077685,
2018-03-01,,,7.499999999999883,
2018-04-01,,,9.999999999999968,
2018-05-01,,,12.499999999999748,
2018-06-01,,,14.3301270189219,
2018-07-01,,,15.0,
2018-08-01,,,14.330127018922333,
2018-09-01,,,12.500000000000188,
2018-10-01,,,10.000000000000105,
2018-11-01,,,7.499999999999992,
2018-12-01,,,5.6698729810779405,
2019-01-01,,,5.0,
2019-02-01,,,5.669872981077795,
2019-03-01,,,7.499999999999781,
2019-04-01,,,9.999999999999817,
2019-05-01,,,12.499999999999952,
2019-06-01,,,14.330127018922218,
2019-07-01,,,15.0,
2019-08-01,,,14.330127018922393,
2019-09-01,,,12.499999999999984,
2019-10-01,,,10.000000000000256,
2019-11-01,,,7.500000000000111,
2019-12-01,,,5.669872981078015,
2020-01-01,,,5.0,
2020-02-01,,,5.669872981077726,
2020-03-01,,,7.499999999999709,
2020-04-01,,,10.000000000000064,
2020-05-01,,,12.49999999999983,
2020-06-01,,,14.330127018922145,
2020-07-01,,,15.0,
2020-08-01,,,14.330127018922116,
2020-09-01,,,12.500000000000108,
2020-10-01,,,10.000000000000407,
2020-11-01,,,7.500000000000234,
2020-12-01,,,5.6698729810778925,
2021-01-01,,,5.0,
2021-02-01,,,5.669872981077668,
2021-03-01,,,7.500000000000153,
2021-04-01,,,9.999999999999913,
2021-05-01,,,12.499999999999698,
2021-06-01,,,14.33012701892207,
2021-07-01,,,15.0,
2021-08-01,,,14.330127018922195,
2021-09-01,,,12.500000000000226,
2021-10-01,,,10.000000000000558,
2021-11-01,,,7.5000000000000355,
2021-12-01,,,5.669872981077969,
2022-01-01,,,5.0,
2022-02-01,,,5.669872981077772,
2022-03-01,,,7.5000000000000355,
2022-04-01,,,9.999999999999762,
2022-05-01,,,12.499999999999567,
2022-06-01,,,14.330127018922195,
2022-07-01,,,15.0,
2022-08-01,,,14.330127018922264,
2022-09-01,,,12.500000000000329,
2022-10-01,,,9.999999999999913,
2022-11-01,,,7.500000000000152,
2022-12-01,,,5.6698729810780435,
2023-01-01,,,5.0,
2023-02-01,,,5.669872981077708,
2023-03-01,,,7.499999999999914,
2023-04-01,,,9.999999999999611,
2023-05-01,,,12.500000000000107,
2023-06-01,,,14.330127018922116,
2023-07-01,,,15.0,
2023-08-01,,,14.33012701892233,
2023-09-01,,,12.50000000000015,
2023-10-01,,,10.000000000000064,
2023-11-01,,,7.5000000000002816,
2023-12-01,,,5.66987298107773,
2024-01-01,,,5.0,
2024-02-01,,,5.669872981077656,
2024-03-01,,,7.499999999999803,
2024-04-01,,,9.999999999999858,
2024-05-01,,,12.499999999999982,
2024-06-01,,,14.330127018922045,
2024-07-01,,,15.0,
2024-08-01,,,14.330127018922223,
2024-09-01,,,12.500000000000256,
2024-10-01,,,10.000000000000215,
2024-11-01,,,7.500000000000075,
2024-12-01,,,5.669872981077795,
2025-01-01,,,5.0,
2025-02-01,,,5.669872981077582,
2025-03-01,,,7.499999999999991,
2025-04-01,,,9.999999999999707,
2025-05-01,,,12.499999999999865,
2025-06-01,,,14.330127018921967,
2025-07-01,,,15.0,
2025-08-01,,,14.330127018922289,
2025-09-01,,,12.500000000000316,
2025-10-01,,,9.999999999999968,
2025-11-01,,,7.500000000000198,
2025-12-01,,,5.669872981077871,
2026-01-01,,,5.0,
2026-02-01,,,5.669872981077864,
2026-03-01,,,7.49999999999987,
2026-04-01,,,9.999999999999556,
2026-05-01,,,12.499999999999734,
2026-06-01,,,14.330127018922092,
2026-07-01,,,15.0,
2026-08-01,,,14.330127018922356,
2026-09-01,,,12.49999999999988,
2026-10-01,,,10.000000000000119,
2026-11-01,,,7.5000000000003295,
2026-12-01,,,5.669872981077948,
2027-01-01,,,5.0,
2027-02-01,,,5.669872981077789,
2027-03-01,,,7.499999999999754,
2027-04-01,,,9.999999999999405,
2027-05-01,,,12.499999999999941,
2027-06-01,,,14.330127018922017,
2027-07-01,,,15.0,
2027-08-01,,,14.330127018922244,
2027-09-01,,,12.499999999999993,
2027-10-01,,,10.00000000000027,
2027-11-01,,,7.500000000000461,
2027-12-01,,,5.669872981077823,
2028-01-01,,,5.0,
2028-02-01,,,5.669872981077722,
2028-03-01,,,7.499999999999634,
2028-04-01,,,10.00000000000005,
2028-05-01,,,12.499999999999819,
2028-06-01,,,14.330127018921939,
2028-07-01,,,15.0,
2028-08-01,,,14.330127018922314,
2028-09-01,,,12.500000000000117,
2028-10-01,,,10.00000000000042,
2028-11-01,,,7.499999999999918,
2028-12-01,,,5.669872981077898,
2029-01-01,,,5.0,
2029-02-01,,,5.669872981077666,
2029-03-01,,,7.499999999999816,
2029-04-01,,,9.999999999999899,
2029-05-01,,,12.499999999999687,
2029-06-01,,,14.330127018922262,
2029-07-01,,,15.0,
2029-08-01,,,14.33012701892238,
2029-09-01,,,12.500000000000226,
2029-10-01,,,10.000000000000172,
2029-11-01,,,7.500000000000039,
2029-12-01,,,5.669872981077974,
2030-01-01,,,5.0,
2030-02-01,,,5.669872981077765,
2030-03-01,,,7.4999999999996945,
2030-04-01,,,9.999999999999748,
2030-05-01,,,12.4999999999999,
2030-06-01,,,14.330127018922187,
2030-07-01,,,15.0,
2030-08-01,,,14.330127018922429,
2030-09-01,,,12.50000000000004,
2030-10-01,,,10.000000000000323,
2030-11-01,,,7.5000000000001625,
2030-12-01,,,5.669872981077852,
2031-01-01,,,5.0,
2031-02-01,,,5.669872981077697,
2031-03-01,,,7.499999999999894,
2031-04-01,,,9.999999999999995,
2031-05-01,,,12.500000000000092,
2031-06-01,,,14.330127018922308,
2031-07-01,,,15.0,
2031-08-01,,,14.330127018922337,
2031-09-01,,,12.500000000000156,
2031-10-01,,,10.000000000000076,
2031-11-01,,,7.499999999999964,
2031-12-01,,,5.669872981077733,
2032-01-01,,,5.0,
2032-02-01,,,5.669872981077633,
2032-03-01,,,7.499999999999774,
2032-04-01,,,9.999999999999844,
2032-05-01,,,12.499999999999973,
2032-06-01,,,14.33012701892184,
2032-07-01,,,15.0,
2032-08-01,,,14.330127018922395,
2032-09-01,,,12.500000000000279,
2032-10-01,,,10.000000000000227,
2032-11-01,,,7.50000000000009,
2032-12-01,,,5.669872981077803,
2033-01-01,,,5.0,
2033-02-01,,,5.669872981077933,
2033-03-01,,,7.499999999999661,
2033-04-01,,,9.999999999999693,
2033-05-01,,,12.499999999999854,
2033-06-01,,,14.330127018922159,
2033-07-01,,,15.0,
2033-08-01,,,14.330127018922457,
2033-09-01,,,12.499999999999758,
2033-10-01,,,10.000000000000378,
2033-11-01,,,7.5000000000002105,
2033-12-01,,,5.669872981077878,
2034-01-01,,,5.0,
2034-02-01,,,5.669872981077859,
2034-03-01,,,7.499999999999555,
2034-04-01,,,9.999999999999542,
2034-05-01,,,12.499999999999723,
2034-06-01,,,14.330127018922084,
2034-07-01,,,15.0,
2034-08-01,,,14.33012701892218,
2034-09-01,,,12.49999999999989,
2034-10-01,,,10.00000000000053,
2034-11-01,,,7.50000000000034,
2034-12-01,,,5.669872981077955,
2035-01-01,,,5.0,
2035-02-01,,,5.669872981077783,
2035-03-01,,,7.499999999999471,
2035-04-01,,,10.000000000000187,
2035-05-01,,,12.499999999999591,
2035-06-01,,,14.33012701892201,
2035-07-01,,,15.0,
2035-08-01,,,14.330127018922255,
2035-09-01,,,12.50000000000001,
2035-10-01,,,10.00000000000068,
2035-11-01,,,7.499999999999804,
2035-12-01,,,5.669872981078029,
2036-01-01,,,5.0,
2036-02-01,,,5.66987298107771,
2036-03-01,,,7.499999999999931,
2036-04-01,,,10.000000000000036,
2036-05-01,,,12.49999999999946,
2036-06-01,,,14.33012701892232,
2036-07-01,,,15.0,
2036-08-01,,,14.33012701892232,
2036-09-01,,,12.500000000000131,
2036-10-01,,,10.000000000000036,
2036-11-01,,,7.499999999999932,
2036-12-01,,,5.669872981078104,
2037-01-01,,,5.0,
2037-02-01,,,5.669872981077651,
2037-03-01,,,7.499999999999808,
2037-04-01,,,9.999999999999885,
2037-05-01,,,12.50000000000001,
2037-06-01,,,14.330127018922255,
2037-07-01,,,15.0,
2037-08-01,,,14.33012701892239,
2037-09-01,,,12.500000000000249,
2037-10-01,,,10.000000000000187,
2037-11-01,,,7.500000000000055,
2037-12-01,,,5.66987298107818,
2038-01-01,,,5.0,
2038-02-01,,,5.669872981077596,
2038-03-01,,,7.499999999999688,
2038-04-01,,,9.999999999999734,
2038-05-01,,,12.499999999999883,
2038-06-01,,,14.33012701892218,
2038-07-01,,,15.0,
2038-08-01,,,14.330127018922084,
2038-09-01,,,12.500000000000352,
2038-10-01,,,10.000000000000338,
2038-11-01,,,7.500000000000176,
2038-12-01,,,5.669872981077859,
2039-01-01,,,5.0,
2039-02-01,,,5.6698729810775195,
2039-03-01,,,7.5000000000002105,
2039-04-01,,,9.999999999999583,
2039-05-01,,,12.499999999999758,
2039-06-01,,,14.330127018922106,
2039-07-01,,,15.0,
2039-08-01,,,14.330127018922159,
2039-09-01,,,12.500000000000423,
2039-10-01,,,10.000000000000488,
2039-11-01,,,7.500000000000306,
2039-12-01,,,5.669872981077933,
2040-01-01,,,5.0,
2040-02-01,,,5.669872981077803,
2040-03-01,,,7.50000000000009,
2040-04-01,,,9.999999999999432,
2040-05-01,,,12.499999999999627,
2040-06-01,,,14.330127018922031,
2040-07-01,,,15.0,
2040-08-01,,,14.330127018922234,
2040-09-01,,,12.499999999999972,
2040-10-01,,,9.999999999999844,
2040-11-01,,,7.500000000000436,
2040-12-01,,,5.669872981078008,
2041-01-01,,,5.0,
2041-02-01,,,5.669872981077733,
2041-03-01,,,7.499999999999966,
2041-04-01,,,9.99999999999928,
2041-05-01,,,12.50000000000016,
2041-06-01,,,14.330127018921953,
2041-07-01,,,15.0,
2041-08-01,,,14.330127018922305,
2041-09-01,,,12.500000000000092,
2041-10-01,,,9.999999999999995,
2041-11-01,,,7.5000000000005675,
2041-12-01,,,5.669872981077696,
2042-01-01,,,5.0,
2042-02-01,,,5.669872981077663,
2042-03-01,,,7.49999999999984,
2042-04-01,,,9.999999999999925,
2042-05-01,,,12.500000000000043,
2042-06-01,,,14.330127018921878,
2042-07-01,,,15.0,
2042-08-01,,,14.330127018922363,
2042-09-01,,,12.500000000000217,
2042-10-01,,,10.000000000000146,
2042-11-01,,,7.500000000000022,
2042-12-01,,,5.669872981077764,
2043-01-01,,,5.0,
2043-02-01,,,5.669872981077597,
2043-03-01,,,7.499999999999727,
2043-04-01,,,9.999999999999776,
2043-05-01,,,12.499999999999917,
2043-06-01,,,14.330127018922202,
2043-07-01,,,15.0,
2043-08-01,,,14.330127018922415,
2043-09-01,,,12.500000000000334,
2043-10-01,,,10.000000000000297,
2043-11-01,,,7.500000000000143,
2043-12-01,,,5.669872981077837,
2044-01-01,,,5.0,
2044-02-01,,,5.669872981077898,
2044-03-01,,,7.499999999999624,
2044-04-01,,,9.999999999999625,
2044-05-01,,,12.499999999999794,
2044-06-01,,,14.330127018922123,
2044-07-01,,,15.0,
2044-08-01,,,14.33012701892249,
2044-09-01,,,12.499999999999819,
2044-10-01,,,10.000000000000448,
2044-11-01,,,7.500000000000269,
2044-12-01,,,5.669872981077912,
2045-01-01,,,5.0,
2045-02-01,,,5.669872981077823,
2045-03-01,,,7.499999999999542,
2045-04-01,,,10.00000000000027,
2045-05-01,,,12.499999999999662,
2045-06-01,,,14.330127018922049,
2045-07-01,,,15.0,
2045-08-01,,,14.330127018922216,
2045-09-01,,,12.499999999999941,
2045-10-01,,,10.000000000000599,
2045-11-01,,,7.500000000000401,
2045-12-01,,,5.669872981077987,
2046-01-01,,,5.0,
2046-02-01,,,5.66987298107775,
2046-03-01,,,7.500000000000003,
2046-04-01,,,10.000000000000119,
2046-05-01,,,12.499999999999535,
2046-06-01,,,14.330127018921974,
2046-07-01,,,15.0,
2046-08-01,,,14.330127018922282,
2046-09-01,,,12.500000000000064,
2046-10-01,,,10.00000000000075,
2046-11-01,,,7.499999999999869,
2046-12-01,,,5.669872981078063,
2047-01-01,,,5.0,
2047-02-01,,,5.669872981077681,
2047-03-01,,,7.49999999999988,
2047-04-01,,,9.999999999999968,
2047-05-01,,,12.499999999999403,
2047-06-01,,,14.33012701892229,
2047-07-01,,,15.0,
2047-08-01,,,14.330127018922349,
2047-09-01,,,12.500000000000188,
2047-10-01,,,10.000000000000105,
2047-11-01,,,7.499999999999992,
2047-12-01,,,5.669872981078139,
2048-01-01,,,5.0,
2048-02-01,,,5.669872981077619,
2048-03-01,,,7.499999999999758,
2048-04-01,,,9.999999999999817,
2048-05-01,,,12.499999999999952,
2048-06-01,,,14.330127018922223,
2048-07-01,,,15.0,
2048-08-01,,,14.330127018922417,
2048-09-01,,,12.500000000000307,
2048-10-01,,,10.000000000000256,
2048-11-01,,,7.500000000000113,
2048-12-01,,,5.669872981077816,
2049-01-01,,,5.0,
2049-02-01,,,5.66987298107756,
2049-03-01,,,7.499999999999646,
2049-04-01,,,9.999999999999666,
2049-05-01,,,12.49999999999983,
2049-06-01,,,14.330127018922145,
2049-07-01,,,15.0,
2049-08-01,,,14.330127018922116,
2049-09-01,,,12.500000000000409,
2049-10-01,,,10.000000000000407,
2049-11-01,,,7.500000000000234,
2049-12-01,,,5.6698729810778925,
2050-01-01,,,5.0,
2050-02-01,,,5.669872981077486,
2050-03-01,,,7.500000000000152,
2050-04-01,,,9.999999999999515,
2050-05-01,,,12.499999999999698,
2050-06-01,,,14.33012701892207,
2050-07-01,,,15.0,
2050-08-01,,,14.330127018922195,
2050-09-01,,,12.500000000000483,
2050-10-01,,,9.999999999999762,
2050-11-01,,,7.500000000000365,
2050-12-01,,,5.669872981077969,
2051-01-01,,,5.0,
2051-02-01,,,5.669872981077773,
2051-03-01,,,7.500000000000033,
2051-04-01,,,9.999999999999364,
2051-05-01,,,12.499999999999567,
2051-06-01,,,14.330127018921996,
2051-07-01,,,15.0,
2051-08-01,,,14.330127018922266,
2051-09-01,,,12.500000000000025,
2051-10-01,,,9.999999999999913,
2051-11-01,,,7.5000000000004965,
2051-12-01,,,5.6698729810780435,
2052-01-01,,,5.0,
2052-02-01,,,5.669872981077702,
2052-03-01,,,7.499999999999906,
2052-04-01,,,10.000000000000009,
2052-05-01,,,12.500000000000107,
2052-06-01,,,14.330127018921917,
2052-07-01,,,15.0,
2052-08-01,,,14.330127018922333,
2052-09-01,,,12.50000000000015,
2052-10-01,,,10.000000000000064,
2052-11-01,,,7.500000000000626,
2052-12-01,,,5.669872981077725,
2053-01-01,,,5.0,
2053-02-01,,,5.669872981077632,
2053-03-01,,,7.499999999999789,
2053-04-01,,,9.999999999999858,
2053-05-01,,,12.499999999999982,
2053-06-01,,,14.330127018921843,
2053-07-01,,,15.0,
2053-08-01,,,14.330127018922399,
2053-09-01,,,12.500000000000272,
2053-10-01,,,10.000000000000215,
2053-11-01,,,7.500000000000077,
2053-12-01,,,5.669872981077796,
2054-01-01,,,5.0,
2054-02-01,,,5.6698729810779405,
2054-03-01,,,7.4999999999996705,
2054-04-01,,,9.999999999999707,
2054-05-01,,,12.499999999999858,
2054-06-01,,,14.330127018922166,
2054-07-01,,,15.0,
2054-08-01,,,14.33012701892245,
2054-09-01,,,12.50000000000039,
2054-10-01,,,10.000000000000366,
2054-11-01,,,7.500000000000198,
2054-12-01,,,5.669872981077871,
2055-01-01,,,5.0,
2055-02-01,,,5.669872981077864,
2055-03-01,,,7.499999999999562,
2055-04-01,,,9.999999999999556,
2055-05-01,,,12.499999999999737,
2055-06-01,,,14.330127018922092,
2055-07-01,,,15.0,
2055-08-01,,,14.330127018922525,
2055-09-01,,,12.49999999999987,
2055-10-01,,,10.000000000000517,
2055-11-01,,,7.5000000000003295,
2055-12-01,,,5.669872981077948,
2056-01-01,,,5.0,
2056-02-01,,,5.669872981077788,
2056-03-01,,,7.499999999999481,
2056-04-01,,,10.0000000000002,
2056-05-01,,,12.499999999999606,
2056-06-01,,,14.330127018922017,
2056-07-01,,,15.0,
2056-08-01,,,14.330127018922244,
2056-09-01,,,12.499999999999993,
2056-10-01,,,10.000000000000668,
2056-11-01,,,7.499999999999801,
2056-12-01,,,5.669872981078022,
2057-01-01,,,5.0,
2057-02-01,,,5.669872981077718,
2057-03-01,,,7.499999999999943,
2057-04-01,,,10.00000000000005,
2057-05-01,,,12.499999999999474,
2057-06-01,,,14.330127018921939,
2057-07-01,,,15.0,
2057-08-01,,,14.330127018922314,
2057-09-01,,,12.500000000000124,
2057-10-01,,,10.000000000000021,
2057-11-01,,,7.49999999999992,
2057-12-01,,,5.669872981078097,
2058-01-01,,,5.0,
2058-02-01,,,5.669872981077649,
2058-03-01,,,7.499999999999822,
2058-04-01,,,9.999999999999899,
2058-05-01,,,12.499999999999343,
2058-06-01,,,14.330127018922262,
2058-07-01,,,15.0,
2058-08-01,,,14.330127018922386,
2058-09-01,,,12.500000000000249,
2058-10-01,,,10.000000000000172,
2058-11-01,,,7.500000000000048,
2058-12-01,,,5.669872981078173,
2059-01-01,,,5.0,
2059-02-01,,,5.669872981077588,
2059-03-01,,,7.4999999999997025,
2059-04-01,,,9.999999999999748,
2059-05-01,,,12.499999999999211,
2059-06-01,,,14.330127018922187,
2059-07-01,,,15.0,
2059-08-01,,,14.330127018922443,
2059-09-01,,,12.500000000000373,
2059-10-01,,,9.999999999999527,
2059-11-01,,,7.500000000000164,
2059-12-01,,,5.669872981077852,
2060-01-01,,,5.0,
2060-02-01,,,5.669872981077527,
2060-03-01,,,7.500000000000223,
2060-04-01,,,9.999999999999597,
2060-05-01,,,12.499999999999769,
2060-06-01,,,14.330127018922113,
2060-07-01,,,15.0,
2060-08-01,,,14.330127018922152,
2060-09-01,,,12.49999999999984,
2060-10-01,,,10.000000000000474,
2060-11-01,,,7.500000000000294,
2060-12-01,,,5.669872981078324,
2061-01-01,,,5.0,
2061-02-01,,,5.669872981077809,
2061-03-01,,,7.499999999999477,
2061-04-01,,,9.999999999999446,
2061-05-01,,,12.500000000000307,
2061-06-01,,,14.330127018922038,
2061-07-01,,,15.0,
2061-08-01,,,14.33012701892223,
2061-09-01,,,12.50000000000061,
2061-10-01,,,9.99999999999983,
2061-11-01,,,7.500000000000425,
2061-12-01,,,5.669872981078001,
2062-01-01,,,5.0,
2062-02-01,,,5.669872981077376,
2062-03-01,,,7.49999999999998,
2062-04-01,,,10.00000000000009,
2062-05-01,,,12.49999999999951,
2062-06-01,,,14.33012701892196,
2062-07-01,,,15.0,
2062-08-01,,,14.330127018922298,
2062-09-01,,,12.500000000000089,
2062-10-01,,,10.000000000000776,
2062-11-01,,,7.500000000000555,
2062-12-01,,,5.669872981077688,
2063-01-01,,,5.0,
2063-02-01,,,5.669872981077671,
2063-03-01,,,7.499999999999853,
2063-04-01,,,9.999999999999144,
2063-05-01,,,12.500000000000053,
2063-06-01,,,14.33012701892228,
2063-07-01,,,15.0,
2063-08-01,,,14.330127018922365,
2063-09-01,,,12.500000000000803,
2063-10-01,,,10.000000000000131,
2063-11-01,,,7.500000000000012,
2063-12-01,,,5.669872981078154,
2064-01-01,,,5.0,
2064-02-01,,,5.669872981077981,
2064-03-01,,,7.499999999999732,
2064-04-01,,,9.999999999999789,
2064-05-01,,,12.499999999999924,
2064-06-01,,,14.33012701892181,
2064-07-01,,,15.0,
2064-08-01,,,14.330127018922425,
2064-09-01,,,12.500000000000338,
2064-10-01,,,10.000000000000282,
2064-11-01,,,7.500000000000816,
2064-12-01,,,5.66987298107783,
2065-01-01,,,5.0,
2065-02-01,,,5.669872981077539,
2065-03-01,,,7.499999999999617,
2065-04-01,,,10.000000000000433,
2065-05-01,,,12.499999999999808,
2065-06-01,,,14.33012701892213,
2065-07-01,,,15.0,
2065-08-01,,,14.330127018922482,
2065-09-01,,,12.499999999999808,
2065-10-01,,,10.000000000000433,
2065-11-01,,,7.5000000000002585,
2065-12-01,,,5.669872981077905,
2066-01-01,,,5.0,
2066-02-01,,,5.66987298107783,
2066-03-01,,,7.500000000000136,
2066-04-01,,,9.999999999999487,
2066-05-01,,,12.499999999999677,
2066-06-01,,,14.330127018921658,
2066-07-01,,,15.0,
2066-08-01,,,14.330127018922209,
2066-09-01,,,12.500000000000577,
2066-10-01,,,10.000000000000584,
2066-11-01,,,7.499999999999732,
2066-12-01,,,5.669872981077981,
2067-01-01,,,5.0,
2067-02-01,,,5.669872981077757,
2067-03-01,,,7.499999999999423,
2067-04-01,,,10.000000000000131,
2067-05-01,,,12.499999999999545,
2067-06-01,,,14.330127018921981,
2067-07-01,,,15.0,
2067-08-01,,,14.330127018922635,
2067-09-01,,,12.500000000000053,
2067-10-01,,,9.99999999999994,
2067-11-01,,,7.50000000000052,
2067-12-01,,,5.669872981078056,
2068-01-01,,,5.0,
2068-02-01,,,5.669872981077685,
2068-03-01,,,7.499999999999886,
2068-04-01,,,9.99999999999998,
2068-05-01,,,12.499999999999414,
2068-06-01,,,14.330127018922301,
2068-07-01,,,15.0,
2068-08-01,,,14.330127018922346,
2068-09-01,,,12.500000000000181,
2068-10-01,,,10.000000000000886,
2068-11-01,,,7.499999999999978,
2068-12-01,,,5.669872981077735,
2069-01-01,,,5.0,
2069-02-01,,,5.669872981077611,
2069-03-01,,,7.500000000000425,
2069-04-01,,,9.99999999999983,
2069-05-01,,,12.49999999999996,
2069-06-01,,,14.330127018921832,
2069-07-01,,,15.0,
2069-08-01,,,14.330127018922038,
2069-09-01,,,12.500000000000309,
2069-10-01,,,10.000000000000242,
2069-11-01,,,7.500000000000105,
2069-12-01,,,5.669872981078207,
2070-01-01,,,5.0,
2070-02-01,,,5.669872981077926,
2070-03-01,,,7.499999999999649,
2070-04-01,,,9.999999999999678,
2070-05-01,,,12.499999999999154,
2070-06-01,,,14.330127018922152,
2070-07-01,,,15.0,
2070-08-01,,,14.330127018922477,
2070-09-01,,,12.500000000000426,
2070-10-01,,,9.999999999999597,
2070-11-01,,,7.500000000000224,
2070-12-01,,,5.669872981077885,
2071-01-01,,,5.0,
2071-02-01,,,5.669872981077493,
2071-03-01,,,7.500000000000168,
2071-04-01,,,9.999999999999527,
2071-05-01,,,12.499999999999712,
2071-06-01,,,14.330127018922077,
2071-07-01,,,15.0,
2071-08-01,,,14.330127018922187,
2071-09-01,,,12.499999999999892,
2071-10-01,,,10.000000000000544,
2071-11-01,,,7.500000000000354,
2071-12-01,,,5.669872981077583,
2072-01-01,,,5.0,
2072-02-01,,,5.669872981077776,
2072-03-01,,,7.499999999999422,
2072-04-01,,,9.999999999999378,
2072-05-01,,,12.500000000000242,
2072-06-01,,,14.330127018922003,
2072-07-01,,,15.0,
2072-08-01,,,14.330127018922262,
2072-09-01,,,12.5000000000006,
2072-10-01,,,9.999999999999899,
2072-11-01,,,7.49999999999982,
2072-12-01,,,5.669872981078036,
2073-01-01,,,5.0,
2073-02-01,,,5.66987298107734,
2073-03-01,,,7.499999999999918,
2073-04-01,,,10.000000000000023,
2073-05-01,,,12.49999999999945,
2073-06-01,,,14.330127018921925,
2073-07-01,,,15.0,
2073-08-01,,,14.330127018922333,
2073-09-01,,,12.500000000000144,
2073-10-01,,,10.00000000000005,
2073-11-01,,,7.500000000000614,
2073-12-01,,,5.669872981077716,
2074-01-01,,,5.0,
2074-02-01,,,5.669872981077635,
2074-03-01,,,7.4999999999997975,
2074-04-01,,,9.999999999999076,
2074-05-01,,,12.499999999999993,
2074-06-01,,,14.330127018922248,
2074-07-01,,,15.0,
2074-08-01,,,14.330127018922404,
2074-09-01,,,12.499999999999606,
2074-10-01,,,10.0000000000002,
2074-11-01,,,7.500000000000071,
2074-12-01,,,5.669872981078186,
2075-01-01,,,5.0,
2075-02-01,,,5.669872981077948,
2075-03-01,,,7.499999999999675,
2075-04-01,,,9.999999999999721,
2075-05-01,,,12.49999999999987,
2075-06-01,,,14.330127018921775,
2075-07-01,,,15.0,
2075-08-01,,,14.330127018922092,
2075-09-01,,,12.500000000000384,
2075-10-01,,,10.000000000000352,
2075-11-01,,,7.500000000000877,
2075-12-01,,,5.669872981077864,
2076-01-01,,,5.0,
2076-02-01,,,5.669872981077505,
2076-03-01,,,7.499999999999564,
2076-04-01,,,10.000000000000366,
2076-05-01,,,12.499999999999748,
2076-06-01,,,14.330127018922099,
2076-07-01,,,15.0,
2076-08-01,,,14.330127018922518,
2076-09-01,,,12.499999999999856,
2076-10-01,,,10.000000000000503,
2076-11-01,,,7.500000000000317,
2076-12-01,,,5.6698729810779405,
2077-01-01,,,5.0,
2077-02-01,,,5.669872981077795,
2077-03-01,,,7.500000000000082,
2077-04-01,,,9.99999999999942,
2077-05-01,,,12.499999999999616,
2077-06-01,,,14.330127018922406,
2077-07-01,,,15.0,
2077-08-01,,,14.33012701892224,
2077-09-01,,,12.500000000000606,
2077-10-01,,,10.000000000000654,
2077-11-01,,,7.499999999999787,
2077-12-01,,,5.669872981078015,
2078-01-01,,,5.0,
2078-02-01,,,5.66987298107772,
2078-03-01,,,7.499999999999362,
2078-04-01,,,10.000000000000064,
2078-05-01,,,12.500000000000153,
2078-06-01,,,14.330127018921946,
2078-07-01,,,15.0,
2078-08-01,,,14.330127018922667,
2078-09-01,,,12.500000000000112,
2078-10-01,,,10.000000000000009,
2078-11-01,,,7.500000000000578,
2078-12-01,,,5.6698729810780915,
2079-01-01,,,5.0,
2079-02-01,,,5.669872981077651,
2079-03-01,,,7.499999999999832,
2079-04-01,,,9.999999999999913,
2079-05-01,,,12.499999999999353,
2079-06-01,,,14.330127018922266,
2079-07-01,,,15.0,
2079-08-01,,,14.33012701892238,
2079-09-01,,,12.500000000000234,
2079-10-01,,,10.000000000000956,
2079-11-01,,,7.500000000000037,
2079-12-01,,,5.66987298107777,
2080-01-01,,,5.0,
2080-02-01,,,5.66987298107758,
2080-03-01,,,7.500000000000365,
2080-04-01,,,9.999999999999762,
2080-05-01,,,12.4999999999999,
2080-06-01,,,14.330127018921797,
2080-07-01,,,15.0,
2080-08-01,,,14.33012701892207,
2080-09-01,,,12.500000000000359,
2080-10-01,,,10.00000000000031,
2080-11-01,,,7.500000000000165,
2080-12-01,,,5.6698729810782424,
2081-01-01,,,5.0,
2081-02-01,,,5.6698729810778925,
2081-03-01,,,7.499999999999595,
2081-04-01,,,9.999999999999611,
2081-05-01,,,12.499999999999094,
2081-06-01,,,14.330127018922116,
2081-07-01,,,15.0,
2081-08-01,,,14.33012701892251,
2081-09-01,,,12.500000000000467,
2081-10-01,,,9.999999999999666,
2081-11-01,,,7.500000000000282,
2081-12-01,,,5.669872981077919,
2082-01-01,,,5.0,
2082-02-01,,,5.669872981077457,
2082-03-01,,,7.500000000000117,
2082-04-01,,,9.99999999999946,
2082-05-01,,,12.499999999999652,
2082-06-01,,,14.330127018922045,
2082-07-01,,,15.0,
2082-08-01,,,14.330127018922223,
2082-09-01,,,12.499999999999947,
2082-10-01,,,10.000000000000613,
2082-11-01,,,7.500000000000413,
2082-12-01,,,5.6698729810776065,
2083-01-01,,,5.0,
2083-02-01,,,5.669872981077742,
2083-03-01,,,7.499999999999368,
2083-04-01,,,9.999999999999309,
2083-05-01,,,12.500000000000188,
2083-06-01,,,14.330127018921967,
2083-07-01,,,15.0,
2083-08-01,,,14.330127018922294,
2083-09-01,,,12.50000000000066,
2083-10-01,,,9.999999999999968,
2083-11-01,,,7.499999999999875,
2083-12-01,,,5.66987298107807,
2084-01-01,,,5.0,
2084-02-01,,,5.669872981077306,
2084-03-01,,,7.499999999999863,
2084-04-01,,,9.999999999999954,
2084-05-01,,,12.499999999999389,
2084-06-01,,,14.330127018921893,
2084-07-01,,,15.0,
2084-08-01,,,14.330127018922362,
2084-09-01,,,12.500000000000199,
2084-10-01,,,10.000000000000119,
2084-11-01,,,7.500000000000674,
2084-12-01,,,5.6698729810777495,
2085-01-01,,,5.0,
2085-02-01,,,5.669872981077599,
2085-03-01,,,7.499999999999741,
2085-04-01,,,9.999999999999007,
2085-05-01,,,12.499999999999941,
2085-06-01,,,14.330127018922216,
2085-07-01,,,15.0,
2085-08-01,,,14.33012701892243,
2085-09-01,,,12.499999999999662,
2085-10-01,,,10.00000000000027,
2085-11-01,,,7.500000000000129,
2085-12-01,,,5.669872981078221,
2086-01-01,,,5.0,
2086-02-01,,,5.669872981077912,
2086-03-01,,,7.499999999999619,
2086-04-01,,,9.999999999999652,
2086-05-01,,,12.49999999999981,
2086-06-01,,,14.33012701892174,
2086-07-01,,,15.0,
2086-08-01,,,14.330127018922123,
2086-09-01,,,12.500000000000439,
2086-10-01,,,10.00000000000042,
2086-11-01,,,7.500000000000935,
2086-12-01,,,5.669872981077898,
2087-01-01,,,5.0,
2087-02-01,,,5.669872981077471,
2087-03-01,,,7.499999999999508,
2087-04-01,,,10.000000000000297,
2087-05-01,,,12.499999999999687,
2087-06-01,,,14.330127018922063,
2087-07-01,,,15.0,
2087-08-01,,,14.330127018922553,
2087-09-01,,,12.499999999999918,
2087-10-01,,,10.00000000000057,
2087-11-01,,,7.5000000000003775,
2087-12-01,,,5.669872981077974,
2088-01-01,,,5.0,
2088-02-01,,,5.669872981077764,
2088-03-01,,,7.500000000000025,
2088-04-01,,,9.99999999999935,
2088-05-01,,,12.499999999999556,
2088-06-01,,,14.330127018922372,
2088-07-01,,,15.0,
2088-08-01,,,14.330127018922273,
2088-09-01,,,12.500000000000043,
2088-10-01,,,10.000000000000721,
2088-11-01,,,7.499999999999844,
2088-12-01,,,5.669872981078051,
2089-01-01,,,5.0,
2089-02-01,,,5.669872981077689,
2089-03-01,,,7.499999999999304,
2089-04-01,,,9.999999999999995,
2089-05-01,,,12.500000000000098,
2089-06-01,,,14.330127018921914,
2089-07-01,,,15.0,
2089-08-01,,,14.330127018921953,
2089-09-01,,,12.500000000000167,
2089-10-01,,,10.000000000000076,
2089-11-01,,,7.500000000000639,
2089-12-01,,,5.669872981078125,
2090-01-01,,,5.0,
2090-02-01,,,5.669872981077619,
2090-03-01,,,7.499999999999774,
2090-04-01,,,9.999999999999844,
2090-05-01,,,12.499999999999297,
2090-06-01,,,14.330127018922234,
2090-07-01,,,15.0,
2090-08-01,,,14.330127018922411,
2090-09-01,,,12.500000000000295,
2090-10-01,,,10.000000000001023,
2090-11-01,,,7.500000000000089,
2090-12-01,,,5.669872981077802,
2091-01-01,,,5.0,
2091-02-01,,,5.669872981077553,
2091-03-01,,,7.500000000000306,
2091-04-01,,,9.999999999999693,
2091-05-01,,,12.499999999999847,
2091-06-01,,,14.330127018922159,
2091-07-01,,,15.0,
2091-08-01,,,14.330127018922106,
2091-09-01,,,12.500000000000414,
2091-10-01,,,10.000000000000378,
2091-11-01,,,7.5000000000002185,
2091-12-01,,,5.669872981078276,
2092-01-01,,,5.0,
2092-02-01,,,5.669872981077859,
2092-03-01,,,7.499999999999542,
2092-04-01,,,9.999999999999542,
2092-05-01,,,12.50000000000038,
2092-06-01,,,14.330127018922084,
2092-07-01,,,15.0,
2092-08-01,,,14.330127018922543,
2092-09-01,,,12.500000000000579,
2092-10-01,,,9.999999999999734,
2092-11-01,,,7.50000000000034,
2092-12-01,,,5.669872981077955,
2093-01-01,,,5.0,
2093-02-01,,,5.6698729810774235,
2093-03-01,,,7.500000000000059,
2093-04-01,,,10.000000000000187,
2093-05-01,,,12.499999999999591,
2093-06-01,,,14.33012701892201,
2093-07-01,,,15.0,
2093-08-01,,,14.330127018922255,
2093-09-01,,,12.500000000000021,
2093-10-01,,,10.00000000000068,
2093-11-01,,,7.500000000000472,
2093-12-01,,,5.669872981077642,
2094-01-01,,,5.0,
2094-02-01,,,5.669872981077711,
2094-03-01,,,7.499999999999936,
2094-04-01,,,9.99999999999924,
2094-05-01,,,12.50000000000015,
2094-06-01,,,14.33012701892195,
2094-07-01,,,15.0,
2094-08-01,,,14.330127018922324,
2094-09-01,,,12.500000000000838,
2094-10-01,,,10.000000000000036,
2094-11-01,,,7.499999999999936,
2094-12-01,,,5.669872981078104,
2095-01-01,,,5.0,
2095-02-01,,,5.669872981078029,
2095-03-01,,,7.4999999999998135,
2095-04-01,,,9.999999999999885,
2095-05-01,,,12.499999999999332,
2095-06-01,,,14.330127018921882,
2095-07-01,,,15.0,
2095-08-01,,,14.330127018922397,
2095-09-01,,,12.50000000000028,
2095-10-01,,,10.000000000000187,
2095-11-01,,,7.500000000000733,
2095-12-01,,,5.669872981077784,
2096-01-01,,,5.0,
2096-02-01,,,5.669872981077577,
2096-03-01,,,7.499999999999698,
2096-04-01,,,9.999999999998938,
2096-05-01,,,12.49999999999989,
2096-06-01,,,14.33012701892218,
2096-07-01,,,15.0,
2096-08-01,,,14.330127018922465,
2096-09-01,,,12.499999999999723,
2096-10-01,,,10.000000000000338,
2096-11-01,,,7.500000000000188,
2096-12-01,,,5.669872981077857,
2097-01-01,,,5.0,
2097-02-01,,,5.669872981077878,
2097-03-01,,,7.499999999999585,
2097-04-01,,,9.999999999999583,
2097-05-01,,,12.499999999999758,
2097-06-01,,,15.06217782649048,
2097-07-01,,,15.0,
2097-08-01,,,14.330127018922159,
2097-09-01,,,12.500000000000544,
2097-10-01,,,10.000000000000488,
2097-11-01,,,7.499999999999669,
2097-12-01,,,5.669872981077933,
2098-01-01,,,5.0,
2098-02-01,,,5.669872981077443,
2098-03-01,,,7.4999999999994955,
2098-04-01,,,10.000000000000227,
2098-05-01,,,12.499999999999627,
2098-06-01,,,14.330127018922042,
2098-07-01,,,15.0,
2098-08-01,,,14.330127018922589,
2098-09-01,,,12.499999999999986,
2098-10-01,,,9.999999999999844,
2098-11-01,,,7.500000000000436,
2098-12-01,,,5.669872981078008,
2099-01-01,,,5.0,
2099-02-01,,,5.669872981077733,
2099-03-01,,,7.499999999999969,
2099-04-01,,,9.99999999999928,
2099-05-01,,,12.499999999999496,
2099-06-01,,,14.330127018922342,
2099-07-01,,,15.0,
2099-08-01,,,14.330127018922305,
2099-09-01,,,12.500000000000114,
2099-10-01,,,10.00000000000079,
2099-11-01,,,7.499999999999904,
2099-12-01,,,5.669872981078084,
