,Projections hist.,Projections,Corrected,Historical
1950-01-01,10.031077011574329,10.031077011574329,,5.796534639449434
1950-02-01,9.218041738385738,9.218041738385738,,8.019657710402925
1950-03-01,10.490751163388964,10.490751163388964,,4.243817462305404
1950-04-01,11.54061217675057,11.54061217675057,,9.829757586639708
1950-05-01,19.34239230309299,19.34239230309299,,15.13535553273741
1950-06-01,19.7301034153932,19.7301034153932,,14.526941792492286
1950-07-01,24.26417144128168,24.26417144128168,,14.642894535151244
1950-08-01,22.12701611464417,22.12701611464417,,18.154577180549218
1950-09-01,20.729014491138216,20.729014491138216,,12.915395884535142
1950-10-01,14.07337524175668,14.07337524175668,,10.39725204728064
1950-11-01,8.900525606461665,8.900525606461665,,10.051870242994013
1950-12-01,8.952116646201247,8.952116646201247,,1.5121893726443867
1951-01-01,7.277976129380482,7.277976129380482,,4.396601322693495
1951-02-01,5.441741841464961,5.441741841464961,,1.893749227799121
1951-03-01,10.76469010402853,10.76469010402853,,6.637500575773967
1951-04-01,14.496660630755573,14.496660630755573,,11.506619189175822
1951-05-01,20.595031701602835,20.595031701602835,,10.831134016773312
1951-06-01,22.05141713640171,22.05141713640171,,16.199266244075893
1951-07-01,22.373208241677048,22.373208241677048,,15.39228605560037
1951-08-01,21.258152568705025,21.258152568705025,,11.034723726557392
1951-09-01,17.059544132613727,17.059544132613727,,13.133417187383408
1951-10-01,18.177949715517194,18.177949715517194,,11.663642718950369
1951-11-01,11.55795708999305,11.55795708999305,,6.214447102287296
1951-12-01,11.960593146300747,11.960593146300747,,6.9542937941127425
1952-01-01,9.218924323646371,9.218924323646371,,4.819589153636131
1952-02-01,12.525491765336428,12.525491765336428,,4.986490474308306
1952-03-01,11.606855994790973,11.606855994790973,,6.913117596586901
1952-04-01,15.463624550099437,15.463624550099437,,9.228286473129955
1952-05-01,17.48424891182949,17.48424891182949,,12.030960035240941
1952-06-01,22.153059630621257,22.153059630621257,,15.843956606531059
1952-07-01,19.82902432538957,19.82902432538957,,15.250612198933744
1952-08-01,23.22568003473692,23.22568003473692,,16.02391524410259
1952-09-01,17.787849946701055,17.787849946701055,,14.427078275156441
1952-10-01,13.114798425865647,13.114798425865647,,10.105634703549466
1952-11-01,11.665003681424935,11.665003681424935,,8.089415189413996
1952-12-01,9.214642576791585,9.214642576791585,,7.287646212121233
1953-01-01,11.167102708532543,11.167102708532543,,5.8425546060571705
1953-02-01,7.336943179477424,7.336943179477424,,7.938239385111718
1953-03-01,13.342348663463962,13.342348663463962,,4.807703961474676
1953-04-01,14.613581076180381,14.613581076180381,,8.68025952480781
1953-05-01,20.138871032755638,20.138871032755638,,14.35757210685481
1953-06-01,21.724048963719827,21.724048963719827,,15.955213234904162
1953-07-01,19.25834356588799,19.25834356588799,,15.679257921630112
1953-08-01,21.887080501553157,21.887080501553157,,13.179577056039358
1953-09-01,16.98162703886792,16.98162703886792,,14.290338909161694
1953-10-01,11.619383273799098,11.619383273799098,,5.163129862226289
1953-11-01,11.074908332566595,11.074908332566595,,7.8205347469180895
1953-12-01,11.02323537298603,11.02323537298603,,2.708857936044025
1954-01-01,11.029369885311255,11.029369885311255,,5.57148496983541
1954-02-01,5.401285361912093,5.401285361912093,,4.708330522503967
1954-03-01,12.984555495558219,12.984555495558219,,6.562829959666614
1954-04-01,10.510317256072895,10.510317256072895,,6.64525631761286
1954-05-01,22.123646807082384,22.123646807082384,,14.404992159155512
1954-06-01,20.658179669856775,20.658179669856775,,14.483360503724132
1954-07-01,21.91660126931317,21.91660126931317,,12.606585436338527
1954-08-01,22.61576745672241,22.61576745672241,,14.81202513133094
1954-09-01,18.14982933213087,18.14982933213087,,13.892961344685343
1954-10-01,14.243723349574484,14.243723349574484,,8.689355123197732
1954-11-01,9.575769612485985,9.575769612485985,,8.111651115929277
1954-12-01,9.405689895485208,9.405689895485208,,-0.059587974276682054
1955-01-01,7.807837866089008,7.807837866089008,,1.6038451996072056
1955-02-01,14.036403241437062,14.036403241437062,,9.22438923220211
1955-03-01,10.191044813789262,10.191044813789262,,6.446558256084618
1955-04-01,13.347106960994735,13.347106960994735,,9.359370814658062
1955-05-01,21.419814677556573,21.419814677556573,,13.373100751581243
1955-06-01,17.74858871340138,17.74858871340138,,13.277077307008884
1955-07-01,22.40774286080808,22.40774286080808,,13.580788776913899
1955-08-01,21.960612577535922,21.960612577535922,,13.91764809668035
1955-09-01,17.567913945894915,17.567913945894915,,14.905525841712327
1955-10-01,12.66698570582677,12.66698570582677,,9.720512706066247
1955-11-01,12.06827319780648,12.06827319780648,,6.090532770475887
1955-12-01,9.055574836550827,9.055574836550827,,2.752037689533779
1956-01-01,8.030743284184979,8.030743284184979,,3.8530813991267134
1956-02-01,8.382713218404874,8.382713218404874,,9.934090168633805
1956-03-01,11.230706837880568,11.230706837880568,,4.131592336263333
1956-04-01,15.615067237565967,15.615067237565967,,7.525037880615808
1956-05-01,19.789802471773637,19.789802471773637,,10.775131362594147
1956-06-01,20.531016707009396,20.531016707009396,,14.379239400669539
1956-07-01,18.63742352816097,18.63742352816097,,15.278203441779677
1956-08-01,21.230380277628047,21.230380277628047,,15.429133539672668
1956-09-01,16.909287487865285,16.909287487865285,,16.240133569633947
1956-10-01,15.087102768055198,15.087102768055198,,9.064680998672957
1956-11-01,12.317386231189944,12.317386231189944,,6.131494669273732
1956-12-01,8.347811723578996,8.347811723578996,,6.815739162402644
1957-01-01,10.705695170477115,10.705695170477115,,5.861289210252848
1957-02-01,4.719517368203886,4.719517368203886,,8.958836902920051
1957-03-01,17.54543099662326,17.54543099662326,,3.4003326853049174
1957-04-01,14.67641401054195,14.67641401054195,,7.662625616847097
1957-05-01,16.98527191024441,16.98527191024441,,9.42881964919455
1957-06-01,23.40165441665015,23.40165441665015,,17.600210854717176
1957-07-01,22.327687292429307,22.327687292429307,,15.595138409738965
1957-08-01,17.16331199191922,17.16331199191922,,17.19221143966058
1957-09-01,15.770236192446106,15.770236192446106,,12.979570410029247
1957-10-01,13.03164399585105,13.03164399585105,,12.59257731007851
1957-11-01,12.811435002781478,12.811435002781478,,9.308840271105598
1957-12-01,7.140547749685023,7.140547749685023,,5.7014726013646095
1958-01-01,8.769142338740883,8.769142338740883,,5.3726663647761805
1958-02-01,9.859571519889718,9.859571519889718,,2.898464336809947
1958-03-01,14.08237761894487,14.08237761894487,,7.8161527776945245
1958-04-01,18.222960189018053,18.222960189018053,,12.0012083753148
1958-05-01,17.81884373718641,17.81884373718641,,7.349428271726664
1958-06-01,20.128110854552535,20.128110854552535,,13.851276903206074
1958-07-01,18.597868075082744,18.597868075082744,,12.577444311569927
1958-08-01,25.44987472450657,25.44987472450657,,14.813922341912606
1958-09-01,19.838801066210618,19.838801066210618,,14.416669665004909
1958-10-01,18.60025075319019,18.60025075319019,,10.676048682279083
1958-11-01,7.02275010009963,7.02275010009963,,7.508724098669315
1958-12-01,10.309512475528072,10.309512475528072,,5.079549132829078
1959-01-01,7.817254263455356,7.817254263455356,,2.9263122416066247
1959-02-01,9.115325494382143,9.115325494382143,,1.9091946050695259
1959-03-01,8.226211719165203,8.226211719165203,,7.138445676912885
1959-04-01,15.618868886068558,15.618868886068558,,8.789843490453865
1959-05-01,19.65853408107064,19.65853408107064,,10.759309892754105
1959-06-01,24.558280444003394,24.558280444003394,,12.591972532420803
1959-07-01,21.829825519207887,21.829825519207887,,15.665378983957154
1959-08-01,20.076609057868747,20.076609057868747,,14.040096244575372
1959-09-01,17.732886808488878,17.732886808488878,,8.4407638299955
1959-10-01,16.9478469330544,16.9478469330544,,10.185635843345969
1959-11-01,11.412178786923713,11.412178786923713,,4.851007655849191
1959-12-01,9.15059366913092,9.15059366913092,,2.242741620391335
1960-01-01,4.609921135087413,4.609921135087413,,2.945550989684339
1960-02-01,11.148498509060131,11.148498509060131,,5.678918135310591
1960-03-01,15.72070805310761,15.72070805310761,,5.026154854835607
1960-04-01,13.418774010509924,13.418774010509924,,12.54525450159335
1960-05-01,17.142403584139604,17.142403584139604,,14.04295764076641
1960-06-01,21.904462337326784,21.904462337326784,,12.560785958716489
1960-07-01,21.10953432540591,21.10953432540591,,15.045484214150347
1960-08-01,22.438653723301798,22.438653723301798,,12.992598559899475
1960-09-01,16.63864323547255,16.63864323547255,,14.546669704641882
1960-10-01,17.692738718742888,17.692738718742888,,9.20509592786994
1960-11-01,11.282166053561994,11.282166053561994,,9.810573313697578
1960-12-01,10.822788766360329,10.822788766360329,,3.59291202826178
1961-01-01,8.632910823265828,8.632910823265828,,6.07894933790085
1961-02-01,10.859285831951366,10.859285831951366,,6.226495941444775
1961-03-01,11.172547946156373,11.172547946156373,,8.163137304741406
1961-04-01,14.098560207817862,14.098560207817862,,8.76516241699648
1961-05-01,21.74179274000343,21.74179274000343,,10.238165985785708
1961-06-01,22.089161315828132,22.089161315828132,,13.70583471765287
1961-07-01,22.793396050458412,22.793396050458412,,15.791609162008932
1961-08-01,22.49394648868525,22.49394648868525,,15.009841740811401
1961-09-01,15.680423599362232,15.680423599362232,,9.12091389270544
1961-10-01,16.309796931044154,16.309796931044154,,8.467250525566287
1961-11-01,10.613257336721453,10.613257336721453,,7.488484979428323
1961-12-01,7.986564392669373,7.986564392669373,,9.830670637567364
1962-01-01,6.637887726282068,6.637887726282068,,6.218371786925375
1962-02-01,9.371546505461222,9.371546505461222,,1.3715414568028441
1962-03-01,10.940450552499742,10.940450552499742,,7.078543923396879
1962-04-01,16.12109002103287,16.12109002103287,,9.731828280736412
1962-05-01,18.70311039606496,18.70311039606496,,11.877976057377579
1962-06-01,23.634347406847994,23.634347406847994,,14.300794182946685
1962-07-01,20.141617489837987,20.141617489837987,,14.396684717235617
1962-08-01,22.05519323933802,22.05519323933802,,15.027108833233166
1962-09-01,22.66232269289278,22.66232269289278,,10.816203699747046
1962-10-01,14.893924307950444,14.893924307950444,,8.49122372696464
1962-11-01,10.88888606441592,10.88888606441592,,7.65729428972989
1962-12-01,8.365639955873828,8.365639955873828,,7.201399519015679
1963-01-01,9.334497659010363,9.334497659010363,,6.520411525848827
1963-02-01,10.789759929236189,10.789759929236189,,4.479833426264421
1963-03-01,9.56867223312633,9.56867223312633,,7.853759274676711
1963-04-01,15.019971627404372,15.019971627404372,,10.727912477174513
1963-05-01,19.64077692791695,19.64077692791695,,12.45646986109729
1963-06-01,24.55633378364684,24.55633378364684,,12.384199131068732
1963-07-01,22.791419942378965,22.791419942378965,,16.233593914548052
1963-08-01,23.2557217130735,23.2557217130735,,16.728415581422897
1963-09-01,20.765527114894184,20.765527114894184,,12.482570907306265
1963-10-01,16.57130926145113,16.57130926145113,,8.253666880736988
1963-11-01,10.863362393526756,10.863362393526756,,5.9638791735858705
1963-12-01,10.313604091234545,10.313604091234545,,4.857805015636123
1964-01-01,9.254925307556963,9.254925307556963,,7.246721331924276
1964-02-01,9.881600401580663,9.881600401580663,,4.541543446526103
1964-03-01,12.56677060418537,12.56677060418537,,6.718873324591268
1964-04-01,10.04965373192574,10.04965373192574,,14.329025598690132
1964-05-01,18.930082256306015,18.930082256306015,,11.569910824327039
1964-06-01,24.800584085563393,24.800584085563393,,11.22657929386368
1964-07-01,24.26997563945334,24.26997563945334,,15.265978138004892
1964-08-01,20.928113381864733,20.928113381864733,,16.650733071511528
1964-09-01,16.133884674890464,16.133884674890464,,14.50426743309187
1964-10-01,17.216974154777073,17.216974154777073,,8.783946759559512
1964-11-01,11.347212280213764,11.347212280213764,,5.164721521996404
1964-12-01,10.131770815561916,10.131770815561916,,4.25323626696197
1965-01-01,10.215627197701494,10.215627197701494,,5.202004977578416
1965-02-01,11.930344176970028,11.930344176970028,,7.019534089000824
1965-03-01,7.856157565633468,7.856157565633468,,7.266806179227365
1965-04-01,13.584572186751762,13.584572186751762,,10.916143142239152
1965-05-01,20.310421505390376,20.310421505390376,,11.11803724998076
1965-06-01,21.713344622884296,21.713344622884296,,12.365677184064179
1965-07-01,23.960881369281278,23.960881369281278,,14.111556061425576
1965-08-01,19.88365532519396,19.88365532519396,,12.076592511277811
1965-09-01,18.55331152933303,18.55331152933303,,12.241031974510502
1965-10-01,12.14495095892988,12.14495095892988,,10.88449503894228
1965-11-01,12.858202226353766,12.858202226353766,,6.708512667212879
1965-12-01,5.688838119951546,5.688838119951546,,2.9134322270386077
1966-01-01,10.443992722893864,10.443992722893864,,3.9824600499388763
1966-02-01,9.431042304059236,9.431042304059236,,6.234633845314348
1966-03-01,11.4386975376597,11.4386975376597,,7.290539179625398
1966-04-01,14.180402717233568,14.180402717233568,,10.77144182644302
1966-05-01,16.144876116857958,16.144876116857958,,10.231653378256388
1966-06-01,16.759844280622826,16.759844280622826,,14.509161112326789
1966-07-01,22.79209833581897,22.79209833581897,,14.06274818115288
1966-08-01,20.59343937110771,20.59343937110771,,16.143374454436714
1966-09-01,15.987359293054983,15.987359293054983,,12.003452041235322
1966-10-01,17.431106237137378,17.431106237137378,,10.836356169495415
1966-11-01,9.976049314374906,9.976049314374906,,10.603204210460722
1966-12-01,10.770252719259627,10.770252719259627,,6.0909261774192
1967-01-01,6.325148104818921,6.325148104818921,,3.894636297036124
1967-02-01,9.401142429105127,9.401142429105127,,5.521103953860267
1967-03-01,9.878409296577049,9.878409296577049,,9.579244184184379
1967-04-01,16.054370777823053,16.054370777823053,,11.081558806591003
1967-05-01,18.78521380619524,18.78521380619524,,13.669964987636462
1967-06-01,19.736076754118894,19.736076754118894,,15.635379492133074
1967-07-01,18.71159068570094,18.71159068570094,,12.67625056110898
1967-08-01,24.472234215072763,24.472234215072763,,15.915737369325466
1967-09-01,14.75577345511936,14.75577345511936,,10.108739535397303
1967-10-01,14.639179585291703,14.639179585291703,,10.112030543792613
1967-11-01,16.75180950194319,16.75180950194319,,9.740967308958147
1967-12-01,10.000350558333732,10.000350558333732,,2.6940021695396674
1968-01-01,11.736290101117946,11.736290101117946,,7.363135760249435
1968-02-01,9.748323314590547,9.748323314590547,,6.28122928846423
1968-03-01,11.913696335726517,11.913696335726517,,4.059473731731202
1968-04-01,13.894149119330162,13.894149119330162,,10.826373792073868
1968-05-01,20.92623295002167,20.92623295002167,,13.002251637165399
1968-06-01,21.440839722023977,21.440839722023977,,16.564890283048754
1968-07-01,20.42318323952525,20.42318323952525,,13.926292456061972
1968-08-01,23.767169669813267,23.767169669813267,,16.666102895517206
1968-09-01,20.35516670242697,20.35516670242697,,13.167255585934582
1968-10-01,13.492908156671366,13.492908156671366,,10.661805226018219
1968-11-01,13.994713285917562,13.994713285917562,,11.378336378920448
1968-12-01,9.206239712699256,9.206239712699256,,8.395078583732705
1969-01-01,8.153508068000805,8.153508068000805,,4.04001822958919
1969-02-01,11.991311004141657,11.991311004141657,,6.3197064190895516
1969-03-01,12.778353744370103,12.778353744370103,,6.937926025756969
1969-04-01,14.475556240674988,14.475556240674988,,11.930635324579276
1969-05-01,18.49264488435594,18.49264488435594,,9.316788870121483
1969-06-01,17.467988647284365,17.467988647284365,,17.04129268570594
1969-07-01,23.669813560142014,23.669813560142014,,14.916660616612942
1969-08-01,21.757322272899838,21.757322272899838,,12.813073685386117
1969-09-01,19.803683635569545,19.803683635569545,,8.367241926668203
1969-10-01,16.186972377272568,16.186972377272568,,9.371974462454816
1969-11-01,10.375409221228697,10.375409221228697,,5.235784386485047
1969-12-01,6.640771196597436,6.640771196597436,,5.769018171265062
1970-01-01,8.915470179353829,8.915470179353829,,9.261186310009062
1970-02-01,10.62589011875292,10.62589011875292,,3.148657105879126
1970-03-01,10.20309548235647,10.20309548235647,,6.998090395701893
1970-04-01,15.39543010855974,15.39543010855974,,10.257649150799782
1970-05-01,20.535205100894636,20.535205100894636,,14.886259017610783
1970-06-01,16.889737054472644,16.889737054472644,,14.750546986873479
1970-07-01,21.64869927898661,21.64869927898661,,13.182689157494595
1970-08-01,19.539905916355686,19.539905916355686,,13.605779717952892
1970-09-01,16.61498009513425,16.61498009513425,,10.028871163293777
1970-10-01,13.22037284188423,13.22037284188423,,12.008281429863716
1970-11-01,11.027659212507587,11.027659212507587,,6.306920643887697
1970-12-01,10.45716774520596,10.45716774520596,,4.57640503652344
1971-01-01,9.646950676760724,9.646950676760724,,1.845660535424266
1971-02-01,8.354210907834315,8.354210907834315,,4.676271672107786
1971-03-01,10.541555826928679,10.541555826928679,,10.570672152817387
1971-04-01,13.903181698351963,13.903181698351963,,9.747097722769777
1971-05-01,18.827814611445234,18.827814611445234,,13.946817238647462
1971-06-01,21.469194851667165,21.469194851667165,,16.587681595839175
1971-07-01,24.20208074766903,24.20208074766903,,13.516955978799578
1971-08-01,23.9067918807274,23.9067918807274,,14.357079286979666
1971-09-01,21.901965166660485,21.901965166660485,,15.736278799321715
1971-10-01,17.978548765768302,17.978548765768302,,11.523803856171718
1971-11-01,12.773579255332084,12.773579255332084,,3.0088763062281725
1971-12-01,11.526775389956809,11.526775389956809,,8.059333625248609
1972-01-01,7.221272574415971,7.221272574415971,,5.027784878933673
1972-02-01,10.3004881581591,10.3004881581591,,4.502592122532793
1972-03-01,11.920681551526188,11.920681551526188,,2.314949449399908
1972-04-01,15.238005701753448,15.238005701753448,,10.963859895707852
1972-05-01,15.404015136075715,15.404015136075715,,11.812275696669316
1972-06-01,22.307769308143424,22.307769308143424,,13.32025108886925
1972-07-01,20.756685433523124,20.756685433523124,,14.360309169585975
1972-08-01,19.332854459505594,19.332854459505594,,14.266327798258443
1972-09-01,16.58190916118343,16.58190916118343,,14.946710515500472
1972-10-01,13.872491942269479,13.872491942269479,,13.753178893620733
1972-11-01,9.300006664300025,9.300006664300025,,4.837355128199887
1972-12-01,5.2310720220187505,5.2310720220187505,,3.478781701140731
1973-01-01,8.90641890353884,8.90641890353884,,5.6009108546994275
1973-02-01,9.962869900864096,9.962869900864096,,8.008165984915127
1973-03-01,13.4624095679061,13.4624095679061,,9.114899938054958
1973-04-01,11.917369719244746,11.917369719244746,,9.007451726876807
1973-05-01,19.93703559659985,19.93703559659985,,10.263480352620244
1973-06-01,21.564723442289317,21.564723442289317,,14.960318197910818
1973-07-01,23.797859300280813,23.797859300280813,,9.662473043918737
1973-08-01,21.35765834532171,21.35765834532171,,13.95780938612476
1973-09-01,20.833692058908053,20.833692058908053,,13.478565515481149
1973-10-01,14.515488619508112,14.515488619508112,,8.966711393315453
1973-11-01,9.420770389072647,9.420770389072647,,9.893884045835144
1973-12-01,12.310091980894844,12.310091980894844,,7.293132639687963
1974-01-01,9.688115770305533,9.688115770305533,,3.109237440242569
1974-02-01,3.6327088605427766,3.6327088605427766,,8.964422312619025
1974-03-01,11.913057805458342,11.913057805458342,,7.243825798846309
1974-04-01,14.456879158323986,14.456879158323986,,13.62616703567174
1974-05-01,20.23828607763074,20.23828607763074,,9.373625852964537
1974-06-01,22.273660063842495,22.273660063842495,,14.336722082707277
1974-07-01,20.509741165781683,20.509741165781683,,19.48144980376924
1974-08-01,25.000248129427355,25.000248129427355,,12.712554267550008
1974-09-01,20.89954081427158,20.89954081427158,,16.281345394507074
1974-10-01,13.465442531111028,13.465442531111028,,11.565563613401327
1974-11-01,11.441566708808901,11.441566708808901,,5.410605128813992
1974-12-01,9.485640053659761,9.485640053659761,,4.0148826893686085
1975-01-01,7.9467485975054934,7.9467485975054934,,5.527275167816651
1975-02-01,7.889709706750734,7.889709706750734,,5.737024553835614
1975-03-01,13.217170515653763,13.217170515653763,,9.167381851317401
1975-04-01,17.058423158265228,17.058423158265228,,8.05800523357224
1975-05-01,20.756514368063513,20.756514368063513,,11.440994770335456
1975-06-01,24.59157272168983,24.59157272168983,,14.467057767749841
1975-07-01,20.66120396783183,20.66120396783183,,14.729031987374633
1975-08-01,20.650276836951438,20.650276836951438,,13.328480051189679
1975-09-01,12.97490081230637,12.97490081230637,,12.372828365240487
1975-10-01,14.96496306618832,14.96496306618832,,8.859400629141877
1975-11-01,10.01689764882625,10.01689764882625,,9.539165693946897
1975-12-01,11.201327209068243,11.201327209068243,,9.220608344428985
1976-01-01,5.807857921409553,5.807857921409553,,9.602052414028357
1976-02-01,7.718727372386624,7.718727372386624,,3.161378841505293
1976-03-01,12.53349811970526,12.53349811970526,,5.1053809058080315
1976-04-01,17.234298390799438,17.234298390799438,,8.965391879598343
1976-05-01,17.288806341800626,17.288806341800626,,16.73484575049578
1976-06-01,18.39809173409805,18.39809173409805,,15.059045054239428
1976-07-01,22.80067958179106,22.80067958179106,,18.435469378246925
1976-08-01,21.184538950944976,21.184538950944976,,13.190428261589073
1976-09-01,18.748372007362445,18.748372007362445,,12.50253188794786
1976-10-01,10.7729921272004,10.7729921272004,,7.421652816663693
1976-11-01,14.251213224225896,14.251213224225896,,6.685614507104872
1976-12-01,10.787409472334488,10.787409472334488,,5.9697347895892925
1977-01-01,8.019355663599603,8.019355663599603,,4.506105193521252
1977-02-01,8.517852267755899,8.517852267755899,,5.543551266741715
1977-03-01,13.821091797447995,13.821091797447995,,7.52594373696076
1977-04-01,16.972530313364402,16.972530313364402,,10.634449664962286
1977-05-01,19.6264611022692,19.6264611022692,,14.785134159118446
1977-06-01,20.321652324316165,20.321652324316165,,14.895615317466284
1977-07-01,20.626072102273714,20.626072102273714,,19.325871853234
1977-08-01,21.828846036293157,21.828846036293157,,14.165360009625902
1977-09-01,18.82345427624401,18.82345427624401,,10.49477607221953
1977-10-01,17.089941054246456,17.089941054246456,,9.764367222453652
1977-11-01,11.371349965405425,11.371349965405425,,10.429030960662924
1977-12-01,8.090889584478326,8.090889584478326,,5.254431118010639
1978-01-01,7.303541106412518,7.303541106412518,,5.747475644926316
1978-02-01,8.19660562535569,8.19660562535569,,9.526125945038094
1978-03-01,9.810092604688698,9.810092604688698,,9.562958270155256
1978-04-01,16.184783085225952,16.184783085225952,,11.29225371733263
1978-05-01,17.83588554107979,17.83588554107979,,13.75825854815552
1978-06-01,21.962208631587373,21.962208631587373,,12.287479584269859
1978-07-01,20.13543612054767,20.13543612054767,,16.72110013007611
1978-08-01,26.183649549030086,26.183649549030086,,10.839115447412933
1978-09-01,19.047176638005393,19.047176638005393,,11.426890337407581
1978-10-01,14.35638022637822,14.35638022637822,,9.11239662212525
1978-11-01,12.721112277004911,12.721112277004911,,8.677794990633831
1978-12-01,8.520364924014629,8.520364924014629,,2.5331587013162498
1979-01-01,8.326807367690344,8.326807367690344,,4.579981733772808
1979-02-01,10.791609696788708,10.791609696788708,,4.242293289327727
1979-03-01,11.711870103534553,11.711870103534553,,8.564196360948932
1979-04-01,17.559366119199126,17.559366119199126,,11.307599841976323
1979-05-01,19.982211826671076,19.982211826671076,,11.814549176111974
1979-06-01,23.601401958403798,23.601401958403798,,12.519054929202461
1979-07-01,18.475419553546274,18.475419553546274,,12.638610069181187
1979-08-01,20.30189632487119,20.30189632487119,,13.468433283962348
1979-09-01,16.684945246294227,16.684945246294227,,15.92452648858993
1979-10-01,15.844291846018331,15.844291846018331,,9.390321643841073
1979-11-01,8.93672561818034,8.93672561818034,,6.764224753866878
1979-12-01,9.841218486317656,9.841218486317656,,6.542130231543311
1980-01-01,7.176872349161194,7.176872349161194,,4.683392387931919
1980-02-01,8.67424505152692,8.67424505152692,,2.9735025521562446
1980-03-01,9.867439224730816,9.867439224730816,,8.71656736580131
1980-04-01,14.12417275543814,14.12417275543814,,10.484198057985468
1980-05-01,20.32077182723821,20.32077182723821,,13.53693166274702
1980-06-01,17.72270296122646,17.72270296122646,,17.95531687135857
1980-07-01,22.437187929028543,22.437187929028543,,12.022497717119693
1980-08-01,21.854652299858905,21.854652299858905,,15.993173059209763
1980-09-01,15.26636550219514,15.26636550219514,,14.066221528345226
1980-10-01,13.681327292289938,13.681327292289938,,10.19536822087768
1980-11-01,16.184415664947128,16.184415664947128,,3.9870828816687345
1980-12-01,5.9611702195634955,5.9611702195634955,,8.176464602593152
1981-01-01,5.408106902323247,5.408106902323247,,4.290390634771377
1981-02-01,7.435261261556971,7.435261261556971,,9.199451658055132
1981-03-01,13.328149825544802,13.328149825544802,,9.637703865143925
1981-04-01,14.132485700983604,14.132485700983604,,7.883538221604379
1981-05-01,20.318809480652018,20.318809480652018,,10.878317423831371
1981-06-01,22.437020914583893,22.437020914583893,,16.71966260859313
1981-07-01,19.240034290413142,19.240034290413142,,21.052812524343835
1981-08-01,19.99197278791491,19.99197278791491,,12.869259805539842
1981-09-01,19.96513437340453,19.96513437340453,,11.347669626703714
1981-10-01,17.227428201478585,17.227428201478585,,8.700061653166838
1981-11-01,12.367467870078723,12.367467870078723,,4.041141236164306
1981-12-01,11.056010129999205,11.056010129999205,,5.750099996433023
1982-01-01,7.685652569812697,7.685652569812697,,5.58725624503601
1982-02-01,5.9734612551470985,5.9734612551470985,,9.191810512353076
1982-03-01,10.831470861800197,10.831470861800197,,8.937042518855653
1982-04-01,17.550803399546787,17.550803399546787,,7.735967073644236
1982-05-01,23.203818285789637,23.203818285789637,,14.350116320829454
1982-06-01,20.629174038342004,20.629174038342004,,16.973956066486416
1982-07-01,22.044997066856034,22.044997066856034,,15.396645792241253
1982-08-01,21.308388517373913,21.308388517373913,,14.739461590694399
1982-09-01,19.19221167009845,19.19221167009845,,13.2089440396619
1982-10-01,14.677817376266974,14.677817376266974,,12.588866751698028
1982-11-01,8.736755970767788,8.736755970767788,,4.765573271022767
1982-12-01,4.410987012527754,4.410987012527754,,5.624627350435499
1983-01-01,11.29079951055649,11.29079951055649,,5.632546665656582
1983-02-01,6.9890456167255985,6.9890456167255985,,7.4864952324200615
1983-03-01,10.675868587631278,10.675868587631278,,10.134151767076334
1983-04-01,15.941011068493196,15.941011068493196,,10.882854566714526
1983-05-01,17.859957263725697,17.859957263725697,,15.232729490513579
1983-06-01,24.461399817759993,24.461399817759993,,12.66245719479138
1983-07-01,25.639247089810592,25.639247089810592,,12.251705117331044
1983-08-01,20.228212659502024,20.228212659502024,,13.570967836766648
1983-09-01,18.973322063378884,18.973322063378884,,12.074371428017749
1983-10-01,17.23414707522747,17.23414707522747,,9.555477063299003
1983-11-01,11.478627248704237,11.478627248704237,,8.09736456096827
1983-12-01,5.303423829895046,5.303423829895046,,8.984095457903486
1984-01-01,7.411315601584407,7.411315601584407,,2.143130139149159
1984-02-01,9.231300468935071,9.231300468935071,,5.77780247289406
1984-03-01,12.128763155073916,12.128763155073916,,5.685333940024398
1984-04-01,18.933460945783647,18.933460945783647,,8.514220652373508
1984-05-01,17.359959280162208,17.359959280162208,,13.375449546355076
1984-06-01,19.562533472347845,19.562533472347845,,13.069729916352088
1984-07-01,20.773751174053952,20.773751174053952,,13.726451839338633
1984-08-01,23.580225931919323,23.580225931919323,,14.486519045183428
1984-09-01,22.672662291584846,22.672662291584846,,16.28011179077976
1984-10-01,19.142719844531292,19.142719844531292,,8.85538648826696
1984-11-01,10.385427520459004,10.385427520459004,,8.177186270726107
1984-12-01,9.630478063053909,9.630478063053909,,5.984297174118951
1985-01-01,8.255353205154334,8.255353205154334,,3.686607846088277
1985-02-01,7.10148785573144,7.10148785573144,,5.137954150704005
1985-03-01,8.839958951720162,8.839958951720162,,8.653283973047246
1985-04-01,15.331092558636964,15.331092558636964,,7.138515639742652
1985-05-01,19.03553978909068,19.03553978909068,,12.257554741203359
1985-06-01,19.343396699549814,19.343396699549814,,11.683092164152644
1985-07-01,21.35536943479044,21.35536943479044,,13.924811006527687
1985-08-01,23.01229462994406,23.01229462994406,,17.18985913714503
1985-09-01,18.887243298778756,18.887243298778756,,13.546413327321977
1985-10-01,13.95367458562375,13.95367458562375,,12.463603092866565
1985-11-01,9.704734373494087,9.704734373494087,,6.761769914068738
1985-12-01,12.194024019804584,12.194024019804584,,6.332532686511542
1986-01-01,6.392461881247476,6.392461881247476,,5.031539862214034
1986-02-01,3.823616657414367,3.823616657414367,,7.31507879708177
1986-03-01,13.974665102893539,13.974665102893539,,11.216797520823816
1986-04-01,12.2326016843205,12.2326016843205,,4.02301061545435
1986-05-01,19.547565067373537,19.547565067373537,,15.23459777755369
1986-06-01,22.83083084804067,22.83083084804067,,16.460814639715135
1986-07-01,22.243308979206653,22.243308979206653,,14.415509564885168
1986-08-01,19.96303702232652,19.96303702232652,,16.795132854457826
1986-09-01,19.681336440638237,19.681336440638237,,14.217740227671511
1986-10-01,12.755066010793652,12.755066010793652,,9.330576807943796
1986-11-01,12.559736019106435,12.559736019106435,,7.335195126658493
1986-12-01,6.713570164734825,6.713570164734825,,6.546437311577838
1987-01-01,5.886686276332663,5.886686276332663,,4.192634799450554
1987-02-01,8.720733059771584,8.720733059771584,,7.727664741995506
1987-03-01,14.746678886649413,14.746678886649413,,8.513150646970136
1987-04-01,15.561057833201208,15.561057833201208,,8.580070418805075
1987-05-01,20.98101774656965,20.98101774656965,,14.380432939745814
1987-06-01,21.432096820026512,21.432096820026512,,12.161370029042637
1987-07-01,23.868115339371517,23.868115339371517,,13.039526189741105
1987-08-01,24.469351941501692,24.469351941501692,,13.091050271094277
1987-09-01,20.881442973382363,20.881442973382363,,13.680455410879695
1987-10-01,16.31747178345093,16.31747178345093,,7.118216300176183
1987-11-01,10.603573516516235,10.603573516516235,,7.310086547158879
1987-12-01,12.873668419768714,12.873668419768714,,7.350759774566064
1988-01-01,7.781267944198753,7.781267944198753,,3.294391556036554
1988-02-01,10.055564869723293,10.055564869723293,,6.211603784619048
1988-03-01,9.926078292990896,9.926078292990896,,8.620876521148507
1988-04-01,15.48110111354317,15.48110111354317,,7.75815319865135
1988-05-01,17.584131578626376,17.584131578626376,,12.068740922081972
1988-06-01,15.689672367182663,15.689672367182663,,12.68336379341402
1988-07-01,25.317546229648645,25.317546229648645,,14.756088152779759
1988-08-01,19.2522699721566,19.2522699721566,,15.868396345308177
1988-09-01,20.001959792562662,20.001959792562662,,10.277131490958592
1988-10-01,13.341366167635504,13.341366167635504,,10.349223043544335
1988-11-01,14.704499614642042,14.704499614642042,,5.123080332751284
1988-12-01,11.327238990535228,11.327238990535228,,4.639949254236358
1989-01-01,6.867987458322316,6.867987458322316,,0.6976813560042787
1989-02-01,12.898776983793017,12.898776983793017,,6.77384015004656
1989-03-01,11.213908187024137,11.213908187024137,,4.8564050394350975
1989-04-01,14.1473845191145,14.1473845191145,,10.439584110737467
1989-05-01,19.1003698307229,19.1003698307229,,12.14511519943414
1989-06-01,22.29303162318505,22.29303162318505,,13.91711477152675
1989-07-01,21.61718008231183,21.61718008231183,,16.427985608890783
1989-08-01,20.33263109793933,20.33263109793933,,11.06036535721972
1989-09-01,17.452162355074464,17.452162355074464,,14.120964706047845
1989-10-01,15.822577012941595,15.822577012941595,,6.843644008691712
1989-11-01,11.27227688181653,11.27227688181653,,9.910165738965125
1989-12-01,6.797864999182716,6.797864999182716,,8.944918770772727
1990-01-01,6.149277368850665,6.149277368850665,,10.009243549645621
1990-02-01,8.859455149433494,8.859455149433494,,7.93911487711147
1990-03-01,9.18113147764288,9.18113147764288,,7.722845350692489
1990-04-01,16.508164327597786,16.508164327597786,,9.028985655244767
1990-05-01,19.832280646859452,19.832280646859452,,13.374867548155711
1990-06-01,17.974599269070303,17.974599269070303,,12.905217241803587
1990-07-01,24.699619104704333,24.699619104704333,,17.941159101916973
1990-08-01,20.395650093438494,20.395650093438494,,12.371900168586402
1990-09-01,20.45538934555689,20.45538934555689,,13.273767323932441
1990-10-01,13.861515939154854,13.861515939154854,,9.617612471921351
1990-11-01,12.023436296435928,12.023436296435928,,7.751031001809499
1990-12-01,9.170323541199506,9.170323541199506,,9.004967768528413
1991-01-01,7.69343666480919,7.69343666480919,,8.13549256631768
1991-02-01,10.608430785049784,10.608430785049784,,3.5965532543392795
1991-03-01,13.307832015885483,13.307832015885483,,8.857900891318238
1991-04-01,15.918981888043593,15.918981888043593,,10.246826549713855
1991-05-01,19.451559494649377,19.451559494649377,,14.097774645425927
1991-06-01,24.77018374542309,24.77018374542309,,12.784331082870898
1991-07-01,26.666355556655105,26.666355556655105,,15.591624139127902
1991-08-01,21.137610458163042,21.137610458163042,,12.371250517917021
1991-09-01,18.302980899513944,18.302980899513944,,9.482108109928172
1991-10-01,12.603774074617753,12.603774074617753,,8.712976426621612
1991-11-01,10.494995753190231,10.494995753190231,,8.081179114665938
1991-12-01,9.210026440003523,9.210026440003523,,3.867486837058535
1992-01-01,7.277889036137403,7.277889036137403,,8.928769152845923
1992-02-01,7.363456442166675,7.363456442166675,,3.6165133627752977
1992-03-01,10.679135441848286,10.679135441848286,,7.599110204186239
1992-04-01,10.30596473206539,10.30596473206539,,10.018351587535168
1992-05-01,14.038204094166886,14.038204094166886,,11.91672177100869
1992-06-01,20.983770478603102,20.983770478603102,,12.347473749707486
1992-07-01,19.550344807683445,19.550344807683445,,14.46581098675914
1992-08-01,19.783085550982413,19.783085550982413,,13.118343294428836
1992-09-01,18.696932424783085,18.696932424783085,,9.956896074675715
1992-10-01,16.220175541870432,16.220175541870432,,8.170932439454827
1992-11-01,9.669987793410051,9.669987793410051,,10.43405568819096
1992-12-01,6.250792610411173,6.250792610411173,,6.325575933530581
1993-01-01,9.264703925362639,9.264703925362639,,4.5707076602591945
1993-02-01,7.104869650715266,7.104869650715266,,4.1991593385058605
1993-03-01,10.34262143618334,10.34262143618334,,6.458573526300482
1993-04-01,13.849693608989709,13.849693608989709,,10.69814410544348
1993-05-01,18.37826151279655,18.37826151279655,,15.14051794096687
1993-06-01,19.203186618858908,19.203186618858908,,14.913946597317961
1993-07-01,23.09551744908219,23.09551744908219,,13.2111233118075
1993-08-01,23.732959265063748,23.732959265063748,,15.989404010552445
1993-09-01,18.190024563865027,18.190024563865027,,17.088114622026616
1993-10-01,13.415404501598985,13.415404501598985,,10.546812702298634
1993-11-01,13.461723377954756,13.461723377954756,,8.056659010559311
1993-12-01,7.614456177010414,7.614456177010414,,7.012760997628718
1994-01-01,9.006996471711735,9.006996471711735,,4.79883925699595
1994-02-01,5.826570566470409,5.826570566470409,,10.648859572480522
1994-03-01,10.678672524688622,10.678672524688622,,5.654466343511114
1994-04-01,17.020692931479854,17.020692931479854,,10.459307465390443
1994-05-01,23.838245548311157,23.838245548311157,,14.339575113493819
1994-06-01,22.289268006862695,22.289268006862695,,13.75189685767215
1994-07-01,18.376163390828154,18.376163390828154,,14.222791532660757
1994-08-01,22.482421416070565,22.482421416070565,,12.603993468828449
1994-09-01,21.59733780531717,21.59733780531717,,12.863573469301334
1994-10-01,15.354095902558667,15.354095902558667,,9.88633018327106
1994-11-01,11.407422534644388,11.407422534644388,,6.6258207578384845
1994-12-01,7.953885068575362,7.953885068575362,,3.679042543390015
1995-01-01,8.662903295321815,8.662903295321815,,7.474802722906912
1995-02-01,9.231222609892043,9.231222609892043,,6.120305382456044
1995-03-01,10.288938566081338,10.288938566081338,,12.067570655448655
1995-04-01,11.698439256685939,11.698439256685939,,9.173398419461893
1995-05-01,18.325105389257743,18.325105389257743,,12.473859201386064
1995-06-01,20.845794460312213,20.845794460312213,,10.07076695854428
1995-07-01,24.786668364809856,24.786668364809856,,15.396646587669204
1995-08-01,18.654786870254608,18.654786870254608,,14.32459000652154
1995-09-01,16.552196210822977,16.552196210822977,,14.133469449455434
1995-10-01,17.80640453245215,17.80640453245215,,7.0592023146355345
1995-11-01,13.102897396036251,13.102897396036251,,9.700987951445164
1995-12-01,9.303161646222575,9.303161646222575,,5.0452315413554905
1996-01-01,5.527866694135229,5.527866694135229,,3.096753864866048
1996-02-01,8.0523949813681,8.0523949813681,,7.535963605258036
1996-03-01,12.660985188011264,12.660985188011264,,7.646494415163548
1996-04-01,9.265238988206898,9.265238988206898,,9.846827956212312
1996-05-01,17.21336824218311,17.21336824218311,,9.292650926023622
1996-06-01,26.275089444956933,26.275089444956933,,19.94089124581616
1996-07-01,19.175729851933795,19.175729851933795,,12.545664232287471
1996-08-01,21.56395158879939,21.56395158879939,,16.06493984858924
1996-09-01,18.679295053139896,18.679295053139896,,12.414747121895584
1996-10-01,13.126237222819556,13.126237222819556,,6.084151018776568
1996-11-01,13.459454991921303,13.459454991921303,,7.813354145915512
1996-12-01,11.708971643449354,11.708971643449354,,5.077567947882692
1997-01-01,7.9723258864147155,7.9723258864147155,,5.075891103505202
1997-02-01,9.714762237940247,9.714762237940247,,7.92378924717968
1997-03-01,13.705959229105039,13.705959229105039,,6.8062260249168265
1997-04-01,14.36807701465622,14.36807701465622,,9.683824473791839
1997-05-01,14.183901236986213,14.183901236986213,,12.99946526642024
1997-06-01,20.36489741152828,20.36489741152828,,12.806307441197522
1997-07-01,18.622505927777244,18.622505927777244,,11.557917775410843
1997-08-01,17.235606812370914,17.235606812370914,,15.173529547007938
1997-09-01,19.92499356232098,19.92499356232098,,17.352597727745753
1997-10-01,16.3664861071528,16.3664861071528,,11.50417382498886
1997-11-01,9.703478159502488,9.703478159502488,,5.252419936338146
1997-12-01,8.410237089675906,8.410237089675906,,6.426175166994919
1998-01-01,7.176885485420847,7.176885485420847,,7.324716925825539
1998-02-01,10.558996348652522,10.558996348652522,,7.684373604562603
1998-03-01,13.654770845597252,13.654770845597252,,5.703209103584071
1998-04-01,14.817425551687574,14.817425551687574,,10.012130500484092
1998-05-01,18.61722552730422,18.61722552730422,,15.619545595649202
1998-06-01,20.560840009113907,20.560840009113907,,10.055276814709682
1998-07-01,24.242714164855954,24.242714164855954,,13.788850132864319
1998-08-01,24.405038653248138,24.405038653248138,,15.665240946403898
1998-09-01,17.454853728405116,17.454853728405116,,14.591389643750865
1998-10-01,9.528591488687265,9.528591488687265,,13.424499391151484
1998-11-01,11.750278797314964,11.750278797314964,,6.854846202631711
1998-12-01,11.91611265226046,11.91611265226046,,9.274574124600672
1999-01-01,9.152491353873309,9.152491353873309,,3.0303144404481257
1999-02-01,7.695418291452041,7.695418291452041,,6.006924875204948
1999-03-01,12.198562648549126,12.198562648549126,,10.304995249503177
1999-04-01,16.467577585524793,16.467577585524793,,10.43307565746104
1999-05-01,18.261716871774002,18.261716871774002,,15.560022742487472
1999-06-01,22.49366619851289,22.49366619851289,,17.579643706877743
1999-07-01,22.44934754230753,22.44934754230753,,10.491935653843854
1999-08-01,22.16014336665293,22.16014336665293,,13.809567509492522
1999-09-01,18.278047113642412,18.278047113642412,,9.672587838881604
1999-10-01,10.620071082559544,10.620071082559544,,10.662639761348915
1999-11-01,14.144022612858052,14.144022612858052,,8.62212480264579
1999-12-01,6.953075930633717,6.953075930633717,,2.0591671044541413
2000-01-01,5.999310008314146,5.999310008314146,,7.062105576657572
2000-02-01,8.495553050053362,8.495553050053362,,5.763162866764158
2000-03-01,13.573663780827,13.573663780827,,10.620255261081752
2000-04-01,17.82723890945234,17.82723890945234,,10.108522918241572
2000-05-01,20.969404971108574,20.969404971108574,,8.286736285739329
2000-06-01,19.34210961425953,19.34210961425953,,14.080800742721994
2000-07-01,18.76317678177552,18.76317678177552,,15.747240899364803
2000-08-01,21.878549371854387,21.878549371854387,,13.831201113799144
2000-09-01,20.66285455782572,20.66285455782572,,16.45480185835933
2000-10-01,13.256937003435333,13.256937003435333,,10.108158892514778
2000-11-01,10.758472603725577,10.758472603725577,,5.116802378784399
2000-12-01,6.274741837014499,6.274741837014499,,8.057892418000218
2001-01-01,6.6616073816062045,6.6616073816062045,,6.953150287730283
2001-02-01,9.901336029840392,9.901336029840392,,7.960238507787453
2001-03-01,11.319953096274206,11.319953096274206,,5.05520416353442
2001-04-01,16.377388566604644,16.377388566604644,,12.556069736364066
2001-05-01,21.577739573296707,21.577739573296707,,12.09891197066642
2001-06-01,21.27588129868373,21.27588129868373,,14.875994658547494
2001-07-01,17.682342156866753,17.682342156866753,,11.566413176804632
2001-08-01,20.778343638093716,20.778343638093716,,10.235610494450352
2001-09-01,17.36410441265983,17.36410441265983,,16.351310015295375
2001-10-01,15.90722100764228,15.90722100764228,,13.287716522876547
2001-11-01,11.913798520801572,11.913798520801572,,8.361561613506963
2001-12-01,9.464852637268413,9.464852637268413,,6.5368028896348935
2002-01-01,7.235908793518345,7.235908793518345,,6.187619404842388
2002-02-01,10.51200807945005,10.51200807945005,,4.338605581909922
2002-03-01,8.004780130957457,8.004780130957457,,9.415495507252631
2002-04-01,11.214485935636093,11.214485935636093,,12.392463733851079
2002-05-01,15.2967545531261,15.2967545531261,,12.375728044427339
2002-06-01,18.44922913589044,18.44922913589044,,11.855606317874702
2002-07-01,22.806003076068198,22.806003076068198,,14.048036083466176
2002-08-01,22.878020497552384,22.878020497552384,,16.77235078854153
2002-09-01,16.867228789145717,16.867228789145717,,11.486499874289235
2002-10-01,15.041392151027832,15.041392151027832,,10.586956796696338
2002-11-01,11.362795877839355,11.362795877839355,,8.00980333626806
2002-12-01,8.490810842152808,8.490810842152808,,5.811144392343582
2003-01-01,10.376014163901951,10.376014163901951,,6.55452063225321
2003-02-01,8.767386661607965,8.767386661607965,,6.359815338847574
2003-03-01,13.591864613435861,13.591864613435861,,6.616559236090667
2003-04-01,13.017365755772156,13.017365755772156,,14.395671514105128
2003-05-01,20.744670347292534,20.744670347292534,,13.154532785430122
2003-06-01,18.14067697055855,18.14067697055855,,13.709213610711743
2003-07-01,24.772381516663415,24.772381516663415,,12.560353538635846
2003-08-01,22.196827550549354,22.196827550549354,,15.332474664566414
2003-09-01,18.723648478536344,18.723648478536344,,15.039452725897194
2003-10-01,13.257744933013239,13.257744933013239,,11.110717074451738
2003-11-01,11.362126203057967,11.362126203057967,,8.305774984065078
2003-12-01,9.114155123566963,9.114155123566963,,4.231240747397653
2004-01-01,11.01153136006153,11.01153136006153,,4.511173199867111
2004-02-01,4.470941267375567,4.470941267375567,,3.0730358586807505
2004-03-01,11.509270985135668,11.509270985135668,,7.8427786002197175
2004-04-01,18.40687874055773,18.40687874055773,,12.594113431954387
2004-05-01,21.4497782793045,21.4497782793045,,13.678075824648644
2004-06-01,21.51824453855589,21.51824453855589,,8.354836313876781
2004-07-01,24.787903777842217,24.787903777842217,,14.62254523293182
2004-08-01,22.97343878927675,22.97343878927675,,14.16854284253003
2004-09-01,18.427053346268234,18.427053346268234,,12.639465589402187
2004-10-01,12.733968108691958,12.733968108691958,,10.450443091876421
2004-11-01,18.35495561144277,18.35495561144277,,9.798995712991978
2004-12-01,5.3643045673156,5.3643045673156,,2.825692759604975
2005-01-01,5.272116509536011,5.272116509536011,,4.5646246924150775
2005-02-01,5.273950791701356,5.273950791701356,,7.215352592509764
2005-03-01,12.342314662549393,12.342314662549393,,6.628654986358296
2005-04-01,16.143118558827325,16.143118558827325,,12.861241311073615
2005-05-01,18.875297373451286,18.875297373451286,,12.35675190762647
2005-06-01,23.723360628474026,23.723360628474026,,13.892247659070424
2005-07-01,19.15073802824723,19.15073802824723,,17.17787627726813
2005-08-01,19.422678767551123,19.422678767551123,,12.69463710120921
2005-09-01,18.121165156385995,18.121165156385995,,14.665169039576828
2005-10-01,16.025701470909688,16.025701470909688,,11.68692478624213
2005-11-01,10.143937546667566,10.143937546667566,,8.489147523512067
2005-12-01,12.426275857058872,12.426275857058872,,3.0882082005330695
2006-01-01,5.271434029414294,5.271434029414294,,2.4930783136658152
2006-02-01,9.383580208543663,9.383580208543663,,6.998704842303082
2006-03-01,11.386593155891271,11.386593155891271,,10.151536276049619
2006-04-01,14.021531620964584,14.021531620964584,,11.84592832523721
2006-05-01,18.487989280061015,18.487989280061015,,12.868087551524104
2006-06-01,22.88174473331566,22.88174473331566,,11.136672372764984
2006-07-01,21.596920695530002,21.596920695530002,,14.054049658394709
2006-08-01,20.90534885494433,20.90534885494433,,13.90230422230261
2006-09-01,17.91475194698151,17.91475194698151,,12.206740327043091
2006-10-01,17.253433512159035,17.253433512159035,,10.213171157234095
2006-11-01,12.401389983706894,12.401389983706894,,3.2913669104241974
2006-12-01,9.883181225828999,9.883181225828999,,6.198712870790631
2007-01-01,12.512567167725942,12.512567167725942,,7.790543242785738
2007-02-01,6.70125957135356,6.70125957135356,,3.165895413836688
2007-03-01,14.097970852134921,14.097970852134921,,11.293091804807109
2007-04-01,16.51490021609295,16.51490021609295,,11.985705418558819
2007-05-01,21.492600253274635,21.492600253274635,,6.791969391220474
2007-06-01,22.556436790435388,22.556436790435388,,13.211738662114225
2007-07-01,22.243737320350398,22.243737320350398,,13.993729300986514
2007-08-01,22.849463047733597,22.849463047733597,,13.808400937036547
2007-09-01,19.27897098772835,19.27897098772835,,10.586673960748747
2007-10-01,13.686344493631745,13.686344493631745,,11.117912940481139
2007-11-01,12.814474673416923,12.814474673416923,,7.376393230188195
2007-12-01,10.49259289073449,10.49259289073449,,6.780529461080456
2008-01-01,3.7585656278227315,3.7585656278227315,,4.8264250455524955
2008-02-01,5.970135966814011,5.970135966814011,,8.36528153603614
2008-03-01,13.297627024785012,13.297627024785012,,5.538913849001579
2008-04-01,17.70293284107231,17.70293284107231,,10.514064105077503
2008-05-01,15.477321281053593,15.477321281053593,,12.918679492990028
2008-06-01,25.179013805686825,25.179013805686825,,15.40354056050791
2008-07-01,22.467598761903677,22.467598761903677,,15.331331911536425
2008-08-01,18.697218035661596,18.697218035661596,,11.918138120751323
2008-09-01,20.814618915970666,20.814618915970666,,14.743561049779842
2008-10-01,14.973374724654471,14.973374724654471,,5.573343511651843
2008-11-01,13.83404469833972,13.83404469833972,,5.369403795998236
2008-12-01,9.574349704086444,9.574349704086444,,6.284184063019809
2009-01-01,8.257363261864521,8.257363261864521,,5.531107790701924
2009-02-01,7.950454367313496,7.950454367313496,,4.741199523328531
2009-03-01,11.926662257252188,11.926662257252188,,9.096004764446086
2009-04-01,15.118416569215782,15.118416569215782,,9.190690563300741
2009-05-01,17.706116326993282,17.706116326993282,,17.93909778283213
2009-06-01,18.787753551294315,18.787753551294315,,13.08478179357049
2009-07-01,22.001834865681285,22.001834865681285,,18.645593947242634
2009-08-01,21.184960021132227,21.184960021132227,,16.66578129255032
2009-09-01,16.56847874573403,16.56847874573403,,11.603514864950624
2009-10-01,12.997270851301261,12.997270851301261,,9.998290079876352
2009-11-01,15.356695698573567,15.356695698573567,,5.94362842133881
2009-12-01,13.476489318355757,13.476489318355757,,10.945969614258605
2010-01-01,6.308681400698942,6.308681400698942,,5.343426997275984
2010-02-01,10.180235673595739,10.180235673595739,,5.575573493285232
2010-03-01,12.510233163570005,12.510233163570005,,7.161323930003903
2010-04-01,13.584170583290934,13.584170583290934,,5.537914900980503
2010-05-01,17.947288211941185,17.947288211941185,,14.944173560434296
2010-06-01,20.995304613326375,20.995304613326375,,14.16708431976048
2010-07-01,21.87674103268137,21.87674103268137,,14.323977757224243
2010-08-01,21.131950060631937,21.131950060631937,,14.228201478790053
2010-09-01,21.69206245911335,21.69206245911335,,13.46720484583761
2010-10-01,15.324159255264284,15.324159255264284,,12.352389610180499
2010-11-01,11.60189000684014,11.60189000684014,,5.57491470720562
2010-12-01,7.445343579746927,7.445343579746927,,2.3585703674161307
2011-01-01,9.230569140301853,9.230569140301853,,3.9193477029284223
2011-02-01,8.995672625196562,8.995672625196562,,8.185674348634636
2011-03-01,7.590605540785711,7.590605540785711,,8.714111695457612
2011-04-01,15.73692657309877,15.73692657309877,,12.210978553256872
2011-05-01,20.84937816330195,20.84937816330195,,10.249119370678937
2011-06-01,21.796684142032646,21.796684142032646,,19.25107980973268
2011-07-01,21.433420511188864,21.433420511188864,,12.27024254969996
2011-08-01,20.026350290993786,20.026350290993786,,12.480981641135248
2011-09-01,16.64046313961932,16.64046313961932,,10.41584120794993
2011-10-01,13.927796045975462,13.927796045975462,,14.465420293173892
2011-11-01,12.550180941553096,12.550180941553096,,10.697068841128436
2011-12-01,10.264222974131336,10.264222974131336,,6.684339490220134
2012-01-01,8.348858822303967,8.348858822303967,,2.0808487813652516
2012-02-01,12.203839965242572,12.203839965242572,,7.619292368919969
2012-03-01,8.163137213350101,8.163137213350101,,4.8685863688293445
2012-04-01,13.286014606606834,13.286014606606834,,11.648784429156784
2012-05-01,21.725428487256973,21.725428487256973,,13.769804749656478
2012-06-01,22.825249014569284,22.825249014569284,,17.09231224919305
2012-07-01,17.847153481445158,17.847153481445158,,15.114405379508598
2012-08-01,21.297164521072556,21.297164521072556,,11.952714160216646
2012-09-01,18.01199750496014,18.01199750496014,,8.32762667773705
2012-10-01,18.175076054538035,18.175076054538035,,10.383309438947371
2012-11-01,11.466530856789888,11.466530856789888,,9.185597752873148
2012-12-01,10.834459306974326,10.834459306974326,,6.439696696512713
2013-01-01,7.183395470257494,7.183395470257494,,3.106217819113285
2013-02-01,9.684165324734161,9.684165324734161,,2.0299358927144615
2013-03-01,12.575669343069992,12.575669343069992,,11.449745367244562
2013-04-01,15.784760784636541,15.784760784636541,,9.772903915362452
2013-05-01,19.83158887353874,19.83158887353874,,15.584627114285379
2013-06-01,20.998659281018224,20.998659281018224,,15.503748058011306
2013-07-01,26.20088987265212,26.20088987265212,,15.916665239644388
2013-08-01,21.220323389554835,21.220323389554835,,12.217621399337162
2013-09-01,20.493903479513314,20.493903479513314,,12.343473441030152
2013-10-01,15.769904156599628,15.769904156599628,,7.5558519148665715
2013-11-01,9.588826223393564,9.588826223393564,,5.360023266673398
2013-12-01,9.382258819723209,9.382258819723209,,4.791636164166271
2014-01-01,10.50658656643348,10.50658656643348,,4.537444655466883
2014-02-01,7.571316514387862,7.571316514387862,,4.796112593006949
2014-03-01,12.169623429119579,12.169623429119579,,9.002632890641594
2014-04-01,14.979677985163281,14.979677985163281,,11.662488592093352
2014-05-01,19.476916451204584,19.476916451204584,,10.230404773341167
2014-06-01,24.00433605404647,24.00433605404647,,13.141604719321014
2014-07-01,23.144688177765282,23.144688177765282,,14.394654938519139
2014-08-01,19.900954512951678,19.900954512951678,,14.741050481456082
2014-09-01,18.416070461078768,18.416070461078768,,12.817515801477509
2014-10-01,17.899666340052917,17.899666340052917,,8.409437095788027
2014-11-01,12.560317518188596,12.560317518188596,,9.98326465864687
2014-12-01,10.973637273221827,10.973637273221827,,6.013512896494626
2015-01-01,9.7694128501468,9.7694128501468,,3.2981154290620616
2015-02-01,7.556338027678926,7.556338027678926,,3.3672267912402147
2015-03-01,9.896384992185846,9.896384992185846,,6.51655048338411
2015-04-01,13.607783173012734,13.607783173012734,,7.102876576074719
2015-05-01,20.952859300948106,20.952859300948106,,14.54554959423304
2015-06-01,16.49102631058414,16.49102631058414,,12.846676841861111
2015-07-01,20.163638959428372,20.163638959428372,,17.433227079035625
2015-08-01,24.435577691193092,24.435577691193092,,15.15159091867892
2015-09-01,21.423777841276486,21.423777841276486,,12.81441820500114
2015-10-01,16.172010242151657,16.172010242151657,,8.478514733681045
2015-11-01,9.93031486163023,9.93031486163023,,8.494419901381915
2015-12-01,9.379501609436357,9.379501609436357,,5.798084670303557
2016-01-01,5.070671412234914,5.070671412234914,,4.760837096741904
2016-02-01,6.750562950238253,6.750562950238253,,6.418241903440794
2016-03-01,12.297228396083096,12.297228396083096,,10.50786741536994
2016-04-01,16.836797150899812,16.836797150899812,,10.11414669301497
2016-05-01,20.46748632250665,20.46748632250665,,13.608327967386398
2016-06-01,23.406535581907235,23.406535581907235,,14.306446489297025
2016-07-01,22.438284032866616,22.438284032866616,,17.810117475394655
2016-08-01,24.830159940141048,24.830159940141048,,13.22808755823122
2016-09-01,15.984163296655911,15.984163296655911,,11.148783229694766
2016-10-01,18.052026111287503,18.052026111287503,,10.382054845646703
2016-11-01,11.732444371392726,11.732444371392726,,10.655484935058903
2016-12-01,9.508881318211545,9.508881318211545,,6.488997605832068
2017-01-01,3.0379681287442946,3.0379681287442946,,5.745321818888023
2017-02-01,4.165638764757779,4.165638764757779,,2.5320447963802613
2017-03-01,9.9454467767291,9.9454467767291,,7.798867463907811
2017-04-01,13.318740734313714,13.318740734313714,,11.050971033368668
2017-05-01,20.222318587756988,20.222318587756988,,12.901061701950162
2017-06-01,22.23921071235778,22.23921071235778,,18.19067331817187
2017-07-01,22.024273569677415,22.024273569677415,,16.107931051016056
2017-08-01,21.34671178905738,21.34671178905738,,14.248037180727406
2017-09-01,22.3173313914924,22.3173313914924,,12.578333953302138
2017-10-01,14.456500244773405,14.456500244773405,,9.92369250281201
2017-11-01,8.82006807437104,8.82006807437104,,11.019355005866766
2017-12-01,11.870413308642323,11.870413308642323,,5.087761955220317
2018-01-01,8.456274903508758,8.456274903508758,,3.5658105518213423
2018-02-01,6.971505133468071,6.971505133468071,,3.8116010343429396
2018-03-01,10.086096581348995,10.086096581348995,,8.488345065539542
2018-04-01,18.418942793924927,18.418942793924927,,11.776025250341025
2018-05-01,15.738982180952942,15.738982180952942,,12.329686855223326
2018-06-01,21.522875927562286,21.522875927562286,,13.520278768650844
2018-07-01,23.324429344399995,23.324429344399995,,15.349850379046265
2018-08-01,24.510282479661534,24.510282479661534,,16.071498551896397
2018-09-01,19.249074193832307,19.249074193832307,,15.793438839037913
2018-10-01,16.576927751198916,16.576927751198916,,8.701809454242225
2018-11-01,9.24295462633778,9.24295462633778,,5.010492957324951
2018-12-01,9.594394531071535,9.594394531071535,,5.602055509755197
2019-01-01,3.858868011643465,3.858868011643465,,6.154807653099172
2019-02-01,5.695952752141653,5.695952752141653,,5.59075113149022
2019-03-01,9.32395176740205,9.32395176740205,,6.611461916559662
2019-04-01,16.15315605289593,16.15315605289593,,11.000177787721432
2019-05-01,20.263858554027387,20.263858554027387,,9.622997656397569
2019-06-01,20.864187251674906,20.864187251674906,,19.74200340526004
2019-07-01,20.901591053843806,20.901591053843806,,16.86797960691516
2019-08-01,20.61667136302113,20.61667136302113,,12.99245669818054
2019-09-01,17.99813132569551,17.99813132569551,,12.856504980678999
2019-10-01,13.98540610421582,13.98540610421582,,7.585386666511054
2019-11-01,12.889446644986737,12.889446644986737,,10.777490822226973
2019-12-01,8.08874851819816,8.08874851819816,,5.21535560001294
2020-01-01,9.077684300219287,9.077684300219287,,
2020-02-01,6.361274351956594,6.361274351956594,,
2020-03-01,14.644074939977607,14.644074939977607,,
2020-04-01,12.490691456625001,12.490691456625001,,
2020-05-01,17.937689474222694,17.937689474222694,,
2020-06-01,23.145143705962532,23.145143705962532,,
2020-07-01,21.74880154570845,21.74880154570845,,
2020-08-01,22.076405923040536,22.076405923040536,,
2020-09-01,19.930319052875866,19.930319052875866,,
2020-10-01,14.661350832550246,14.661350832550246,,
2020-11-01,8.878446352188032,8.878446352188032,,
2020-12-01,7.673579932765373,7.673579932765373,,
2021-01-01,9.920476987681385,9.920476987681385,,
2021-02-01,8.85409668072297,8.85409668072297,,
2021-03-01,8.897218594260082,8.897218594260082,,
2021-04-01,15.1817103513029,15.1817103513029,,
2021-05-01,19.02223663545114,19.02223663545114,,
2021-06-01,23.77505820999291,23.77505820999291,,
2021-07-01,23.90325303132196,23.90325303132196,,
2021-08-01,15.756282863979212,15.756282863979212,,
2021-09-01,20.07825626867848,20.07825626867848,,
2021-10-01,14.760354362973294,14.760354362973294,,
2021-11-01,12.389913068741828,12.389913068741828,,
2021-12-01,10.82294863197589,10.82294863197589,,
2022-01-01,6.687370895563337,6.687370895563337,,
2022-02-01,8.055902129897065,8.055902129897065,,
2022-03-01,11.28839545395102,11.28839545395102,,
2022-04-01,12.854306013372625,12.854306013372625,,
2022-05-01,17.92604055355673,17.92604055355673,,
2022-06-01,17.22817878854212,17.22817878854212,,
2022-07-01,18.07520365067842,18.07520365067842,,
2022-08-01,16.991620821031752,16.991620821031752,,
2022-09-01,18.81333737850547,18.81333737850547,,
2022-10-01,18.093869349330568,18.093869349330568,,
2022-11-01,12.11473128116436,12.11473128116436,,
2022-12-01,7.841846738123441,7.841846738123441,,
2023-01-01,8.69260961354904,8.69260961354904,,
2023-02-01,10.37509258737961,10.37509258737961,,
2023-03-01,12.19547339525688,12.19547339525688,,
2023-04-01,11.753042596911556,11.753042596911556,,
2023-05-01,17.744506168399113,17.744506168399113,,
2023-06-01,17.000861477633066,17.000861477633066,,
2023-07-01,22.64227040056123,22.64227040056123,,
2023-08-01,18.37521421006418,18.37521421006418,,
2023-09-01,18.21229211457406,18.21229211457406,,
2023-10-01,15.147487955726108,15.147487955726108,,
2023-11-01,12.624731746567715,12.624731746567715,,
2023-12-01,8.374230480140577,8.374230480140577,,
2024-01-01,4.4910254105326395,4.4910254105326395,,
2024-02-01,7.275262564114624,7.275262564114624,,
2024-03-01,10.358126920080913,10.358126920080913,,
2024-04-01,13.850942428994358,13.850942428994358,,
2024-05-01,17.608179965990004,17.608179965990004,,
2024-06-01,23.53295153344898,23.53295153344898,,
2024-07-01,21.32340594278818,21.32340594278818,,
2024-08-01,20.802298812920355,20.802298812920355,,
2024-09-01,15.483799341728098,15.483799341728098,,
2024-10-01,15.675267260657508,15.675267260657508,,
2024-11-01,10.528717416292068,10.528717416292068,,
2024-12-01,10.146795386023063,10.146795386023063,,
2025-01-01,4.186822094785567,4.186822094785567,,
2025-02-01,7.420839005429119,7.420839005429119,,
2025-03-01,12.439220873996376,12.439220873996376,,
2025-04-01,16.457788611749002,16.457788611749002,,
2025-05-01,15.656907379470933,15.656907379470933,,
2025-06-01,22.609378204292984,22.609378204292984,,
2025-07-01,21.93444647881171,21.93444647881171,,
2025-08-01,19.96359431257262,19.96359431257262,,
2025-09-01,18.826672253012347,18.826672253012347,,
2025-10-01,13.409792564626262,13.409792564626262,,
2025-11-01,12.584300384582942,12.584300384582942,,
2025-12-01,11.487870994696479,11.487870994696479,,
2026-01-01,6.933092424001433,6.933092424001433,,
2026-02-01,10.922754940967721,10.922754940967721,,
2026-03-01,12.767871721688891,12.767871721688891,,
2026-04-01,16.486706708309928,16.486706708309928,,
2026-05-01,19.73937989373074,19.73937989373074,,
2026-06-01,19.850623897517487,19.850623897517487,,
2026-07-01,27.19124927232299,27.19124927232299,,
2026-08-01,24.414827420550886,24.414827420550886,,
2026-09-01,18.36883868706784,18.36883868706784,,
2026-10-01,14.76672016883653,14.76672016883653,,
2026-11-01,10.209528861863149,10.209528861863149,,
2026-12-01,6.490142878423123,6.490142878423123,,
2027-01-01,5.32623652245549,5.32623652245549,,
2027-02-01,9.997451467661953,9.997451467661953,,
2027-03-01,10.9702465790297,10.9702465790297,,
2027-04-01,13.467031945028523,13.467031945028523,,
2027-05-01,16.70879821030383,16.70879821030383,,
2027-06-01,18.759718451131047,18.759718451131047,,
2027-07-01,22.28209812703263,22.28209812703263,,
2027-08-01,20.937751453682424,20.937751453682424,,
2027-09-01,15.958041979407524,15.958041979407524,,
2027-10-01,13.882918152294181,13.882918152294181,,
2027-11-01,13.610400344812922,13.610400344812922,,
2027-12-01,6.8166118093458365,6.8166118093458365,,
2028-01-01,8.977990815079139,8.977990815079139,,
2028-02-01,7.865639529441686,7.865639529441686,,
2028-03-01,13.905450985062267,13.905450985062267,,
2028-04-01,16.097087098768924,16.097087098768924,,
2028-05-01,21.154743042811287,21.154743042811287,,
2028-06-01,22.908147366549475,22.908147366549475,,
2028-07-01,19.767544994826917,19.767544994826917,,
2028-08-01,22.879184426604784,22.879184426604784,,
2028-09-01,18.204296488341367,18.204296488341367,,
2028-10-01,14.7261162374455,14.7261162374455,,
2028-11-01,9.227304714315585,9.227304714315585,,
2028-12-01,6.998031355110846,6.998031355110846,,
2029-01-01,8.910714094163072,8.910714094163072,,
2029-02-01,8.599186216956225,8.599186216956225,,
2029-03-01,11.787260628302612,11.787260628302612,,
2029-04-01,11.619776535883345,11.619776535883345,,
2029-05-01,20.976109324269114,20.976109324269114,,
2029-06-01,23.608047364117553,23.608047364117553,,
2029-07-01,20.32840678089079,20.32840678089079,,
2029-08-01,20.886930793863613,20.886930793863613,,
2029-09-01,23.274139869505404,23.274139869505404,,
2029-10-01,17.433944316956598,17.433944316956598,,
2029-11-01,15.644437005244924,15.644437005244924,,
2029-12-01,7.279402944368688,7.279402944368688,,
2030-01-01,8.1823614962523,8.1823614962523,,
2030-02-01,9.446128740826557,9.446128740826557,,
2030-03-01,11.566552187321383,11.566552187321383,,
2030-04-01,17.998522774233003,17.998522774233003,,
2030-05-01,18.950188267556452,18.950188267556452,,
2030-06-01,21.430533508058595,21.430533508058595,,
2030-07-01,21.60653120048871,21.60653120048871,,
2030-08-01,19.047034692138972,19.047034692138972,,
2030-09-01,18.851679274767168,18.851679274767168,,
2030-10-01,14.741930169720744,14.741930169720744,,
2030-11-01,16.20713934240508,16.20713934240508,,
2030-12-01,8.854570781464608,8.854570781464608,,
2031-01-01,9.428630921597007,9.428630921597007,,
2031-02-01,8.389050214445948,8.389050214445948,,
2031-03-01,9.479333570039183,9.479333570039183,,
2031-04-01,14.412701298490713,14.412701298490713,,
2031-05-01,14.3679735307756,14.3679735307756,,
2031-06-01,20.262143710287557,20.262143710287557,,
2031-07-01,19.65919557108634,19.65919557108634,,
2031-08-01,22.29319863806938,22.29319863806938,,
2031-09-01,20.82181717136249,20.82181717136249,,
2031-10-01,16.443515146093723,16.443515146093723,,
2031-11-01,12.389312190632536,12.389312190632536,,
2031-12-01,8.456852059573164,8.456852059573164,,
2032-01-01,7.888701924496043,7.888701924496043,,
2032-02-01,8.240398292941771,8.240398292941771,,
2032-03-01,16.575439890952467,16.575439890952467,,
2032-04-01,16.22248028945816,16.22248028945816,,
2032-05-01,17.572454133380752,17.572454133380752,,
2032-06-01,22.45586203265233,22.45586203265233,,
2032-07-01,22.19344982310714,22.19344982310714,,
2032-08-01,20.70969837084667,20.70969837084667,,
2032-09-01,21.070330977772606,21.070330977772606,,
2032-10-01,14.944905732730614,14.944905732730614,,
2032-11-01,11.14077307593321,11.14077307593321,,
2032-12-01,7.6768686907186305,7.6768686907186305,,
2033-01-01,7.145863721991211,7.145863721991211,,
2033-02-01,6.936647552625368,6.936647552625368,,
2033-03-01,10.640445652769095,10.640445652769095,,
2033-04-01,18.54685337888125,18.54685337888125,,
2033-05-01,19.856532646601796,19.856532646601796,,
2033-06-01,24.051074326881555,24.051074326881555,,
2033-07-01,21.53172122027246,21.53172122027246,,
2033-08-01,20.72589169433523,20.72589169433523,,
2033-09-01,18.455680114504446,18.455680114504446,,
2033-10-01,14.93443006679049,14.93443006679049,,
2033-11-01,12.731375225707346,12.731375225707346,,
2033-12-01,7.812356027986614,7.812356027986614,,
2034-01-01,7.645215420403431,7.645215420403431,,
2034-02-01,8.084010833917985,8.084010833917985,,
2034-03-01,10.455900725416747,10.455900725416747,,
2034-04-01,16.436411257962423,16.436411257962423,,
2034-05-01,18.907114601419885,18.907114601419885,,
2034-06-01,19.767898048118646,19.767898048118646,,
2034-07-01,26.004207501506762,26.004207501506762,,
2034-08-01,21.0100318754159,21.0100318754159,,
2034-09-01,13.050115844687555,13.050115844687555,,
2034-10-01,14.508395858280513,14.508395858280513,,
2034-11-01,11.1159641135823,11.1159641135823,,
2034-12-01,12.89988724675425,12.89988724675425,,
2035-01-01,10.263096438787434,10.263096438787434,,
2035-02-01,9.43049311704039,9.43049311704039,,
2035-03-01,14.769790465059431,14.769790465059431,,
2035-04-01,13.491522954369378,13.491522954369378,,
2035-05-01,21.73883042524543,21.73883042524543,,
2035-06-01,21.60155500313467,21.60155500313467,,
2035-07-01,22.994122506653877,22.994122506653877,,
2035-08-01,22.927709509131674,22.927709509131674,,
2035-09-01,13.72673680657998,13.72673680657998,,
2035-10-01,15.177497200044606,15.177497200044606,,
2035-11-01,12.886307137182612,12.886307137182612,,
2035-12-01,7.992178693201539,7.992178693201539,,
2036-01-01,1.8967676712659722,1.8967676712659722,,
2036-02-01,9.463659044983963,9.463659044983963,,
2036-03-01,10.753197687010744,10.753197687010744,,
2036-04-01,12.84829332545296,12.84829332545296,,
2036-05-01,15.460038033297632,15.460038033297632,,
2036-06-01,21.902077748619124,21.902077748619124,,
2036-07-01,21.985875255374697,21.985875255374697,,
2036-08-01,19.373386248637033,19.373386248637033,,
2036-09-01,20.33974846923818,20.33974846923818,,
2036-10-01,11.173080680354529,11.173080680354529,,
2036-11-01,11.142504698175674,11.142504698175674,,
2036-12-01,9.952228305798812,9.952228305798812,,
2037-01-01,8.633377275182491,8.633377275182491,,
2037-02-01,9.678593155053116,9.678593155053116,,
2037-03-01,14.409101643537019,14.409101643537019,,
2037-04-01,14.029753126575294,14.029753126575294,,
2037-05-01,17.910429016871664,17.910429016871664,,
2037-06-01,22.492967225072103,22.492967225072103,,
2037-07-01,21.87132460167882,21.87132460167882,,
2037-08-01,22.162265087970695,22.162265087970695,,
2037-09-01,19.137177996604702,19.137177996604702,,
2037-10-01,13.199929371445595,13.199929371445595,,
2037-11-01,12.746406517597912,12.746406517597912,,
2037-12-01,3.3617576516670757,3.3617576516670757,,
2038-01-01,7.615618772839414,7.615618772839414,,
2038-02-01,8.513026958781683,8.513026958781683,,
2038-03-01,7.9269834634688445,7.9269834634688445,,
2038-04-01,17.71144048127129,17.71144048127129,,
2038-05-01,14.35842545569891,14.35842545569891,,
2038-06-01,22.17845428467539,22.17845428467539,,
2038-07-01,23.833346015565297,23.833346015565297,,
2038-08-01,21.352226423661644,21.352226423661644,,
2038-09-01,11.949520027153884,11.949520027153884,,
2038-10-01,17.66454525700894,17.66454525700894,,
2038-11-01,12.693162161393975,12.693162161393975,,
2038-12-01,11.320215293150207,11.320215293150207,,
2039-01-01,7.513417276508566,7.513417276508566,,
2039-02-01,7.982122854693683,7.982122854693683,,
2039-03-01,12.434383236006184,12.434383236006184,,
2039-04-01,15.629639479868864,15.629639479868864,,
2039-05-01,18.113697467328638,18.113697467328638,,
2039-06-01,17.144986417374458,17.144986417374458,,
2039-07-01,23.55781388519999,23.55781388519999,,
2039-08-01,21.479319939876397,21.479319939876397,,
2039-09-01,15.792925478838416,15.792925478838416,,
2039-10-01,13.638053381062981,13.638053381062981,,
2039-11-01,9.689890989323722,9.689890989323722,,
2039-12-01,10.027958442183051,10.027958442183051,,
2040-01-01,11.355251942679175,11.355251942679175,,
2040-02-01,8.552810793172448,8.552810793172448,,
2040-03-01,10.879362222769888,10.879362222769888,,
2040-04-01,17.822830212241428,17.822830212241428,,
2040-05-01,18.14121890239635,18.14121890239635,,
2040-06-01,24.78440902215789,24.78440902215789,,
2040-07-01,20.394980861469957,20.394980861469957,,
2040-08-01,20.526661099137247,20.526661099137247,,
2040-09-01,18.462185006904935,18.462185006904935,,
2040-10-01,17.134039289203226,17.134039289203226,,
2040-11-01,11.645552648448987,11.645552648448987,,
2040-12-01,5.661151904193355,5.661151904193355,,
2041-01-01,7.437195707580517,7.437195707580517,,
2041-02-01,11.69890077338249,11.69890077338249,,
2041-03-01,12.77322418685802,12.77322418685802,,
2041-04-01,14.063293266304456,14.063293266304456,,
2041-05-01,18.3232032374986,18.3232032374986,,
2041-06-01,21.653284052536808,21.653284052536808,,
2041-07-01,22.825947173185334,22.825947173185334,,
2041-08-01,15.784796328733421,15.784796328733421,,
2041-09-01,17.981698721357702,17.981698721357702,,
2041-10-01,11.944889538416174,11.944889538416174,,
2041-11-01,9.739793832741,9.739793832741,,
2041-12-01,9.28114044068709,9.28114044068709,,
2042-01-01,7.395859742513857,7.395859742513857,,
2042-02-01,10.27646972436506,10.27646972436506,,
2042-03-01,12.641840732219839,12.641840732219839,,
2042-04-01,14.495734434516407,14.495734434516407,,
2042-05-01,19.863999793935665,19.863999793935665,,
2042-06-01,17.762986620695035,17.762986620695035,,
2042-07-01,22.74744905241187,22.74744905241187,,
2042-08-01,20.764601142084132,20.764601142084132,,
2042-09-01,17.508825656883715,17.508825656883715,,
2042-10-01,17.558238948160508,17.558238948160508,,
2042-11-01,9.98497376002548,9.98497376002548,,
2042-12-01,7.384956098056655,7.384956098056655,,
2043-01-01,9.023365790108096,9.023365790108096,,
2043-02-01,10.618155727591274,10.618155727591274,,
2043-03-01,9.322875700734974,9.322875700734974,,
2043-04-01,15.03301440908724,15.03301440908724,,
2043-05-01,18.054291310087823,18.054291310087823,,
2043-06-01,18.04422547145581,18.04422547145581,,
2043-07-01,22.261934447977442,22.261934447977442,,
2043-08-01,19.867646098450034,19.867646098450034,,
2043-09-01,20.75687496941015,20.75687496941015,,
2043-10-01,15.573167082617264,15.573167082617264,,
2043-11-01,12.115203619116958,12.115203619116958,,
2043-12-01,7.663744251217782,7.663744251217782,,
2044-01-01,6.678236380350578,6.678236380350578,,
2044-02-01,5.856298633278437,5.856298633278437,,
2044-03-01,14.003222318322969,14.003222318322969,,
2044-04-01,15.173842162757962,15.173842162757962,,
2044-05-01,16.53664318390011,16.53664318390011,,
2044-06-01,20.74375332904325,20.74375332904325,,
2044-07-01,24.89380539806962,24.89380539806962,,
2044-08-01,23.569175103380122,23.569175103380122,,
2044-09-01,19.662942692994328,19.662942692994328,,
2044-10-01,14.205612326477022,14.205612326477022,,
2044-11-01,9.100757923107258,9.100757923107258,,
2044-12-01,9.188680583170031,9.188680583170031,,
2045-01-01,4.617327251885075,4.617327251885075,,
2045-02-01,12.879347252133394,12.879347252133394,,
2045-03-01,12.114062014137172,12.114062014137172,,
2045-04-01,16.5760653304615,16.5760653304615,,
2045-05-01,18.86684406057205,18.86684406057205,,
2045-06-01,22.925211317903624,22.925211317903624,,
2045-07-01,21.70529915250639,21.70529915250639,,
2045-08-01,24.453773715994036,24.453773715994036,,
2045-09-01,14.712749936373779,14.712749936373779,,
2045-10-01,18.466975773522122,18.466975773522122,,
2045-11-01,12.004503532841616,12.004503532841616,,
2045-12-01,6.8228105126892,6.8228105126892,,
2046-01-01,7.731954225923102,7.731954225923102,,
2046-02-01,7.647201385085101,7.647201385085101,,
2046-03-01,12.490476976944926,12.490476976944926,,
2046-04-01,13.759666718151541,13.759666718151541,,
2046-05-01,14.795595078027613,14.795595078027613,,
2046-06-01,22.859695929185374,22.859695929185374,,
2046-07-01,21.59300273232006,21.59300273232006,,
2046-08-01,20.54086132478559,20.54086132478559,,
2046-09-01,20.32209574154853,20.32209574154853,,
2046-10-01,15.2318733036853,15.2318733036853,,
2046-11-01,11.42184978898931,11.42184978898931,,
2046-12-01,9.074272103060123,9.074272103060123,,
2047-01-01,8.726866315376139,8.726866315376139,,
2047-02-01,9.493639222386939,9.493639222386939,,
2047-03-01,10.977865464890312,10.977865464890312,,
2047-04-01,13.221818550680771,13.221818550680771,,
2047-05-01,16.136779681735096,16.136779681735096,,
2047-06-01,22.683747021703667,22.683747021703667,,
2047-07-01,24.13885659905116,24.13885659905116,,
2047-08-01,18.863212750692995,18.863212750692995,,
2047-09-01,17.97552019671201,17.97552019671201,,
2047-10-01,17.2558155934069,17.2558155934069,,
2047-11-01,8.416987254835927,8.416987254835927,,
2047-12-01,11.437842349954401,11.437842349954401,,
2048-01-01,11.361895238724058,11.361895238724058,,
2048-02-01,5.936027767164955,5.936027767164955,,
2048-03-01,10.063392896906876,10.063392896906876,,
2048-04-01,13.96089536104443,13.96089536104443,,
2048-05-01,18.68372341780925,18.68372341780925,,
2048-06-01,21.693930107988077,21.693930107988077,,
2048-07-01,22.306426632810684,22.306426632810684,,
2048-08-01,23.277071151144128,23.277071151144128,,
2048-09-01,15.532272795709542,15.532272795709542,,
2048-10-01,16.36547683920486,16.36547683920486,,
2048-11-01,12.83554694652355,12.83554694652355,,
2048-12-01,9.088203700035056,9.088203700035056,,
2049-01-01,6.428400589635662,6.428400589635662,,
2049-02-01,8.366924903690004,8.366924903690004,,
2049-03-01,10.957664470362303,10.957664470362303,,
2049-04-01,15.00159679328312,15.00159679328312,,
2049-05-01,19.03127329517941,19.03127329517941,,
2049-06-01,21.217275055022377,21.217275055022377,,
2049-07-01,23.219243788051035,23.219243788051035,,
2049-08-01,21.18436587141647,21.18436587141647,,
2049-09-01,20.670714968529268,20.670714968529268,,
2049-10-01,15.234770093849502,15.234770093849502,,
2049-11-01,13.200578581109399,13.200578581109399,,
2049-12-01,12.393417770856026,12.393417770856026,,
2050-01-01,7.179587921905931,7.179587921905931,,
2050-02-01,7.5397932879696175,7.5397932879696175,,
2050-03-01,10.501684715480215,10.501684715480215,,
2050-04-01,18.359335603748047,18.359335603748047,,
2050-05-01,19.761369726998545,19.761369726998545,,
2050-06-01,16.857138674251768,16.857138674251768,,
2050-07-01,18.69350848081122,18.69350848081122,,
2050-08-01,22.929069982711745,22.929069982711745,,
2050-09-01,21.674020443431587,21.674020443431587,,
2050-10-01,14.859282625271867,14.859282625271867,,
2050-11-01,10.623926587651741,10.623926587651741,,
2050-12-01,6.148120402867945,6.148120402867945,,
2051-01-01,9.348570380842283,9.348570380842283,,
2051-02-01,7.872269611536138,7.872269611536138,,
2051-03-01,12.321371499359843,12.321371499359843,,
2051-04-01,18.302155422180547,18.302155422180547,,
2051-05-01,17.189178735035448,17.189178735035448,,
2051-06-01,19.84283883073891,19.84283883073891,,
2051-07-01,24.187233442397556,24.187233442397556,,
2051-08-01,20.53781835584976,20.53781835584976,,
2051-09-01,14.652903179949403,14.652903179949403,,
2051-10-01,15.968949073894567,15.968949073894567,,
2051-11-01,7.832245562582493,7.832245562582493,,
2051-12-01,7.955919725914831,7.955919725914831,,
2052-01-01,8.812933138602943,8.812933138602943,,
2052-02-01,13.439039608818332,13.439039608818332,,
2052-03-01,8.053892590896437,8.053892590896437,,
2052-04-01,13.61646644348329,13.61646644348329,,
2052-05-01,17.382322253497502,17.382322253497502,,
2052-06-01,21.245800482144244,21.245800482144244,,
2052-07-01,25.977915739386148,25.977915739386148,,
2052-08-01,19.09206893121239,19.09206893121239,,
2052-09-01,17.866661248997165,17.866661248997165,,
2052-10-01,14.84287603746763,14.84287603746763,,
2052-11-01,9.039985930175186,9.039985930175186,,
2052-12-01,8.555694465218972,8.555694465218972,,
2053-01-01,6.853721307349966,6.853721307349966,,
2053-02-01,10.99585233603307,10.99585233603307,,
2053-03-01,10.451726765056288,10.451726765056288,,
2053-04-01,14.45709079424435,14.45709079424435,,
2053-05-01,18.425561012576782,18.425561012576782,,
2053-06-01,21.318938705052016,21.318938705052016,,
2053-07-01,19.524889123421794,19.524889123421794,,
2053-08-01,20.588131464514234,20.588131464514234,,
2053-09-01,21.71825648275825,21.71825648275825,,
2053-10-01,18.163964544874812,18.163964544874812,,
2053-11-01,11.789016899301133,11.789016899301133,,
2053-12-01,4.713346682126784,4.713346682126784,,
2054-01-01,10.126652041976033,10.126652041976033,,
2054-02-01,7.814296195392869,7.814296195392869,,
2054-03-01,14.681563611660938,14.681563611660938,,
2054-04-01,15.400044409008103,15.400044409008103,,
2054-05-01,20.001984988530523,20.001984988530523,,
2054-06-01,20.649952552236613,20.649952552236613,,
2054-07-01,18.786594489818345,18.786594489818345,,
2054-08-01,26.324858659677425,26.324858659677425,,
2054-09-01,19.50679544567723,19.50679544567723,,
2054-10-01,15.766978371027871,15.766978371027871,,
2054-11-01,11.634709301649787,11.634709301649787,,
2054-12-01,6.408584454387998,6.408584454387998,,
2055-01-01,10.035488042223136,10.035488042223136,,
2055-02-01,11.457995235968271,11.457995235968271,,
2055-03-01,12.439222868221108,12.439222868221108,,
2055-04-01,14.520606755988657,14.520606755988657,,
2055-05-01,15.168549546464229,15.168549546464229,,
2055-06-01,20.5919962071347,20.5919962071347,,
2055-07-01,25.896042290579445,25.896042290579445,,
2055-08-01,21.185932264599277,21.185932264599277,,
2055-09-01,16.588009617726417,16.588009617726417,,
2055-10-01,14.280744414172108,14.280744414172108,,
2055-11-01,7.949806680819229,7.949806680819229,,
2055-12-01,7.500665430620228,7.500665430620228,,
2056-01-01,10.578377850873514,10.578377850873514,,
2056-02-01,9.16985567481166,9.16985567481166,,
2056-03-01,11.299849257460236,11.299849257460236,,
2056-04-01,18.25271292821044,18.25271292821044,,
2056-05-01,18.234517743118243,18.234517743118243,,
2056-06-01,20.34912158435337,20.34912158435337,,
2056-07-01,23.367721475224194,23.367721475224194,,
2056-08-01,19.303701919862476,19.303701919862476,,
2056-09-01,17.434827613057912,17.434827613057912,,
2056-10-01,13.771057282720674,13.771057282720674,,
2056-11-01,12.182076135813881,12.182076135813881,,
2056-12-01,7.3085222252925774,7.3085222252925774,,
2057-01-01,8.825216295585136,8.825216295585136,,
2057-02-01,9.349317932784459,9.349317932784459,,
2057-03-01,14.115839996274525,14.115839996274525,,
2057-04-01,13.5505536144592,13.5505536144592,,
2057-05-01,19.596964252558028,19.596964252558028,,
2057-06-01,19.872870593402784,19.872870593402784,,
2057-07-01,20.612970562069755,20.612970562069755,,
2057-08-01,20.13840039861153,20.13840039861153,,
2057-09-01,16.36855492382097,16.36855492382097,,
2057-10-01,12.89436652796353,12.89436652796353,,
2057-11-01,5.809852889121433,5.809852889121433,,
2057-12-01,11.00183644895706,11.00183644895706,,
2058-01-01,6.7023124939544285,6.7023124939544285,,
2058-02-01,6.89193547719655,6.89193547719655,,
2058-03-01,9.90528418594479,9.90528418594479,,
2058-04-01,16.189279396539472,16.189279396539472,,
2058-05-01,15.54817703556857,15.54817703556857,,
2058-06-01,18.184792385320765,18.184792385320765,,
2058-07-01,22.075081560629073,22.075081560629073,,
2058-08-01,18.17408751947691,18.17408751947691,,
2058-09-01,21.250096789569735,21.250096789569735,,
2058-10-01,15.464243661533903,15.464243661533903,,
2058-11-01,13.133859769836645,13.133859769836645,,
2058-12-01,9.47141330878272,9.47141330878272,,
2059-01-01,5.152603375838984,5.152603375838984,,
2059-02-01,9.564860550689044,9.564860550689044,,
2059-03-01,6.924705172512148,6.924705172512148,,
2059-04-01,15.077918989382022,15.077918989382022,,
2059-05-01,14.38682702986571,14.38682702986571,,
2059-06-01,21.732381479166328,21.732381479166328,,
2059-07-01,21.572299449737432,21.572299449737432,,
2059-08-01,20.77686481249072,20.77686481249072,,
2059-09-01,17.93181296373253,17.93181296373253,,
2059-10-01,14.726839170625155,14.726839170625155,,
2059-11-01,12.769544965775125,12.769544965775125,,
2059-12-01,7.007951955739765,7.007951955739765,,
2060-01-01,9.112489670696089,9.112489670696089,,
2060-02-01,6.783215899335186,6.783215899335186,,
2060-03-01,12.76655692807905,12.76655692807905,,
2060-04-01,16.569447121850907,16.569447121850907,,
2060-05-01,20.82369814274254,20.82369814274254,,
2060-06-01,22.471515415536373,22.471515415536373,,
2060-07-01,20.406550132697316,20.406550132697316,,
2060-08-01,16.09756832793389,16.09756832793389,,
2060-09-01,19.813343153076477,19.813343153076477,,
2060-10-01,14.572165580234099,14.572165580234099,,
2060-11-01,8.51239123243641,8.51239123243641,,
2060-12-01,2.7050472871469085,2.7050472871469085,,
2061-01-01,7.425140714584302,7.425140714584302,,
2061-02-01,10.941763482282155,10.941763482282155,,
2061-03-01,10.741366788709243,10.741366788709243,,
2061-04-01,17.78462404739962,17.78462404739962,,
2061-05-01,19.49657452070301,19.49657452070301,,
2061-06-01,20.88611576458829,20.88611576458829,,
2061-07-01,21.66933069607804,21.66933069607804,,
2061-08-01,21.942021296708173,21.942021296708173,,
2061-09-01,15.590605356140689,15.590605356140689,,
2061-10-01,12.826080039878947,12.826080039878947,,
2061-11-01,11.897648691262118,11.897648691262118,,
2061-12-01,9.542431856662157,9.542431856662157,,
2062-01-01,5.131173296458861,5.131173296458861,,
2062-02-01,11.37966635346569,11.37966635346569,,
2062-03-01,11.86185095997081,11.86185095997081,,
2062-04-01,12.853194635872669,12.853194635872669,,
2062-05-01,17.07192491704076,17.07192491704076,,
2062-06-01,21.084900323057113,21.084900323057113,,
2062-07-01,22.76477479749846,22.76477479749846,,
2062-08-01,20.173654527319442,20.173654527319442,,
2062-09-01,16.8239473562147,16.8239473562147,,
2062-10-01,14.504028761375078,14.504028761375078,,
2062-11-01,12.386975972637131,12.386975972637131,,
2062-12-01,7.671811927608017,7.671811927608017,,
2063-01-01,7.501719295861154,7.501719295861154,,
2063-02-01,8.88877505132424,8.88877505132424,,
2063-03-01,11.454884350514893,11.454884350514893,,
2063-04-01,15.061455778421314,15.061455778421314,,
2063-05-01,20.286320473030962,20.286320473030962,,
2063-06-01,20.77200257725843,20.77200257725843,,
2063-07-01,22.707376381776818,22.707376381776818,,
2063-08-01,20.517912243997497,20.517912243997497,,
2063-09-01,22.16544333634727,22.16544333634727,,
2063-10-01,16.555916868725593,16.555916868725593,,
2063-11-01,13.274478727816613,13.274478727816613,,
2063-12-01,8.623855127393742,8.623855127393742,,
2064-01-01,9.249319867844573,9.249319867844573,,
2064-02-01,8.500367476714008,8.500367476714008,,
2064-03-01,12.873423578090097,12.873423578090097,,
2064-04-01,12.940968748880964,12.940968748880964,,
2064-05-01,17.699134453133816,17.699134453133816,,
2064-06-01,18.51317304037727,18.51317304037727,,
2064-07-01,24.26482067645885,24.26482067645885,,
2064-08-01,20.518837435053737,20.518837435053737,,
2064-09-01,17.764725305600134,17.764725305600134,,
2064-10-01,14.672150007796086,14.672150007796086,,
2064-11-01,13.404596564293707,13.404596564293707,,
2064-12-01,7.940620615064422,7.940620615064422,,
2065-01-01,7.355371453691453,7.355371453691453,,
2065-02-01,8.136315991863418,8.136315991863418,,
2065-03-01,6.809279246695924,6.809279246695924,,
2065-04-01,17.278516805828854,17.278516805828854,,
2065-05-01,21.62431670946644,21.62431670946644,,
2065-06-01,20.429493067928476,20.429493067928476,,
2065-07-01,20.860753935247246,20.860753935247246,,
2065-08-01,18.967008424791008,18.967008424791008,,
2065-09-01,20.522452545729788,20.522452545729788,,
2065-10-01,12.153299045222127,12.153299045222127,,
2065-11-01,12.406198221764486,12.406198221764486,,
2065-12-01,11.58854563833556,11.58854563833556,,
2066-01-01,7.813072721265334,7.813072721265334,,
2066-02-01,6.0846548378544405,6.0846548378544405,,
2066-03-01,10.750796579421626,10.750796579421626,,
2066-04-01,11.365236355496574,11.365236355496574,,
2066-05-01,22.229765599883237,22.229765599883237,,
2066-06-01,19.771700274445713,19.771700274445713,,
2066-07-01,20.193644303049588,20.193644303049588,,
2066-08-01,17.633359916265302,17.633359916265302,,
2066-09-01,17.643426950288323,17.643426950288323,,
2066-10-01,14.445682852336983,14.445682852336983,,
2066-11-01,11.239211665274745,11.239211665274745,,
2066-12-01,11.718980847506906,11.718980847506906,,
2067-01-01,4.12827673987838,4.12827673987838,,
2067-02-01,10.696404319490476,10.696404319490476,,
2067-03-01,12.878865096116684,12.878865096116684,,
2067-04-01,15.075444359932403,15.075444359932403,,
2067-05-01,19.59896800021599,19.59896800021599,,
2067-06-01,23.330269667216086,23.330269667216086,,
2067-07-01,20.166859281060677,20.166859281060677,,
2067-08-01,19.298784103011965,19.298784103011965,,
2067-09-01,17.699088067316087,17.699088067316087,,
2067-10-01,19.610259461292657,19.610259461292657,,
2067-11-01,10.661886029599097,10.661886029599097,,
2067-12-01,10.940650872218072,10.940650872218072,,
2068-01-01,6.336920343846738,6.336920343846738,,
2068-02-01,11.60810926036298,11.60810926036298,,
2068-03-01,9.105058888401977,9.105058888401977,,
2068-04-01,15.16863491798572,15.16863491798572,,
2068-05-01,20.63100557466662,20.63100557466662,,
2068-06-01,24.41920796238923,24.41920796238923,,
2068-07-01,19.49110830270986,19.49110830270986,,
2068-08-01,17.683700130446827,17.683700130446827,,
2068-09-01,15.772941559306627,15.772941559306627,,
2068-10-01,16.525692211107106,16.525692211107106,,
2068-11-01,6.8383311175359065,6.8383311175359065,,
2068-12-01,3.2271166372085816,3.2271166372085816,,
2069-01-01,8.850171774673118,8.850171774673118,,
2069-02-01,10.480627635645526,10.480627635645526,,
2069-03-01,13.913377531935758,13.913377531935758,,
2069-04-01,17.407640303457228,17.407640303457228,,
2069-05-01,15.349652605219742,15.349652605219742,,
2069-06-01,21.528055463091583,21.528055463091583,,
2069-07-01,25.169060866370007,25.169060866370007,,
2069-08-01,21.827633786733745,21.827633786733745,,
2069-09-01,17.136298661957024,17.136298661957024,,
2069-10-01,17.036739044723788,17.036739044723788,,
2069-11-01,8.380218581384705,8.380218581384705,,
2069-12-01,6.828991122913468,6.828991122913468,,
2070-01-01,4.955777801755401,4.955777801755401,,
2070-02-01,11.933909035728425,11.933909035728425,,
2070-03-01,11.022606047038487,11.022606047038487,,
2070-04-01,17.842622649020903,17.842622649020903,,
2070-05-01,18.57270452180416,18.57270452180416,,
2070-06-01,22.652564549409664,22.652564549409664,,
2070-07-01,22.7826691731916,22.7826691731916,,
2070-08-01,18.103448527302703,18.103448527302703,,
2070-09-01,16.786037807557655,16.786037807557655,,
2070-10-01,17.295661732474287,17.295661732474287,,
2070-11-01,10.382579223031843,10.382579223031843,,
2070-12-01,12.337456596983998,12.337456596983998,,
2071-01-01,7.244210942292856,7.244210942292856,,
2071-02-01,12.856932455898288,12.856932455898288,,
2071-03-01,15.416710474411083,15.416710474411083,,
2071-04-01,17.904527259899687,17.904527259899687,,
2071-05-01,16.523384203823145,16.523384203823145,,
2071-06-01,22.57739829020066,22.57739829020066,,
2071-07-01,22.172413931967508,22.172413931967508,,
2071-08-01,19.25692448251446,19.25692448251446,,
2071-09-01,17.730617648888032,17.730617648888032,,
2071-10-01,14.787627745711207,14.787627745711207,,
2071-11-01,11.137794387873134,11.137794387873134,,
2071-12-01,8.408719000891303,8.408719000891303,,
2072-01-01,10.568545978878058,10.568545978878058,,
2072-02-01,9.40634180484269,9.40634180484269,,
2072-03-01,13.166321290367204,13.166321290367204,,
2072-04-01,18.732593399260026,18.732593399260026,,
2072-05-01,21.124038375317927,21.124038375317927,,
2072-06-01,22.773902628738917,22.773902628738917,,
2072-07-01,20.765357083078523,20.765357083078523,,
2072-08-01,16.821247528327184,16.821247528327184,,
2072-09-01,16.07107037599752,16.07107037599752,,
2072-10-01,12.602117193555422,12.602117193555422,,
2072-11-01,10.641012712397696,10.641012712397696,,
2072-12-01,8.863789128154105,8.863789128154105,,
2073-01-01,6.297009044079697,6.297009044079697,,
2073-02-01,11.309744156354604,11.309744156354604,,
2073-03-01,12.52380956111398,12.52380956111398,,
2073-04-01,14.530982543654147,14.530982543654147,,
2073-05-01,18.601964811908083,18.601964811908083,,
2073-06-01,20.84303080815943,20.84303080815943,,
2073-07-01,23.04794590108686,23.04794590108686,,
2073-08-01,22.677551916811563,22.677551916811563,,
2073-09-01,16.58982145336944,16.58982145336944,,
2073-10-01,12.247590961394806,12.247590961394806,,
2073-11-01,9.762537789387746,9.762537789387746,,
2073-12-01,6.712861517708943,6.712861517708943,,
2074-01-01,10.93265188579126,10.93265188579126,,
2074-02-01,5.740442855817095,5.740442855817095,,
2074-03-01,9.729055712191721,9.729055712191721,,
2074-04-01,16.205330387453007,16.205330387453007,,
2074-05-01,18.247096381215105,18.247096381215105,,
2074-06-01,17.923159303688994,17.923159303688994,,
2074-07-01,19.95455175398944,19.95455175398944,,
2074-08-01,22.213876137589157,22.213876137589157,,
2074-09-01,18.976014274553087,18.976014274553087,,
2074-10-01,15.535258949139081,15.535258949139081,,
2074-11-01,10.173441798695315,10.173441798695315,,
2074-12-01,7.974236145942444,7.974236145942444,,
2075-01-01,7.680779572971232,7.680779572971232,,
2075-02-01,7.470320194570142,7.470320194570142,,
2075-03-01,10.888251643920281,10.888251643920281,,
2075-04-01,16.76542113873817,16.76542113873817,,
2075-05-01,16.97371944764072,16.97371944764072,,
2075-06-01,21.43801700763654,21.43801700763654,,
2075-07-01,20.587617230987767,20.587617230987767,,
2075-08-01,18.96284283710564,18.96284283710564,,
2075-09-01,18.315724517984265,18.315724517984265,,
2075-10-01,13.810636218538539,13.810636218538539,,
2075-11-01,10.081079691369933,10.081079691369933,,
2075-12-01,10.954586087256079,10.954586087256079,,
2076-01-01,8.86826179200915,8.86826179200915,,
2076-02-01,7.3183232163832,7.3183232163832,,
2076-03-01,12.497112868166903,12.497112868166903,,
2076-04-01,13.633350824593649,13.633350824593649,,
2076-05-01,20.096801870458748,20.096801870458748,,
2076-06-01,16.023221204799235,16.023221204799235,,
2076-07-01,19.34137691966908,19.34137691966908,,
2076-08-01,21.91513366298429,21.91513366298429,,
2076-09-01,17.06367207806633,17.06367207806633,,
2076-10-01,13.320925655564531,13.320925655564531,,
2076-11-01,11.201672298395245,11.201672298395245,,
2076-12-01,8.02533385961702,8.02533385961702,,
2077-01-01,10.417601291295703,10.417601291295703,,
2077-02-01,7.080454185340502,7.080454185340502,,
2077-03-01,9.298827550308541,9.298827550308541,,
2077-04-01,13.534951428081177,13.534951428081177,,
2077-05-01,18.483709375627434,18.483709375627434,,
2077-06-01,22.994677714490066,22.994677714490066,,
2077-07-01,22.7323293558922,22.7323293558922,,
2077-08-01,19.301477228212534,19.301477228212534,,
2077-09-01,20.868381765605932,20.868381765605932,,
2077-10-01,17.511195161831626,17.511195161831626,,
2077-11-01,14.895693868533982,14.895693868533982,,
2077-12-01,7.2827401148101805,7.2827401148101805,,
2078-01-01,9.269379335222315,9.269379335222315,,
2078-02-01,10.609683684938028,10.609683684938028,,
2078-03-01,11.196339539437933,11.196339539437933,,
2078-04-01,16.355053647953053,16.355053647953053,,
2078-05-01,17.510530082624935,17.510530082624935,,
2078-06-01,21.417717495914616,21.417717495914616,,
2078-07-01,21.325781550654035,21.325781550654035,,
2078-08-01,20.23372551260299,20.23372551260299,,
2078-09-01,15.910513285919631,15.910513285919631,,
2078-10-01,12.64734131400024,12.64734131400024,,
2078-11-01,10.798288872430442,10.798288872430442,,
2078-12-01,8.097389188503328,8.097389188503328,,
2079-01-01,7.2660020081256365,7.2660020081256365,,
2079-02-01,11.357213823615734,11.357213823615734,,
2079-03-01,12.17957006116995,12.17957006116995,,
2079-04-01,18.13980888218818,18.13980888218818,,
2079-05-01,17.796115309295843,17.796115309295843,,
2079-06-01,20.96170412882268,20.96170412882268,,
2079-07-01,22.511857557793387,22.511857557793387,,
2079-08-01,22.6185282665118,22.6185282665118,,
2079-09-01,17.671825418261278,17.671825418261278,,
2079-10-01,17.73069927492752,17.73069927492752,,
2079-11-01,10.1745544146734,10.1745544146734,,
2079-12-01,9.958700608497548,9.958700608497548,,
2080-01-01,7.8952713447374885,7.8952713447374885,,
2080-02-01,10.603754427878096,10.603754427878096,,
2080-03-01,14.194560796716829,14.194560796716829,,
2080-04-01,13.893260551726861,13.893260551726861,,
2080-05-01,19.27406700950333,19.27406700950333,,
2080-06-01,22.782979614333822,22.782979614333822,,
2080-07-01,27.96830838048029,27.96830838048029,,
2080-08-01,21.285397235384472,21.285397235384472,,
2080-09-01,20.300247056612722,20.300247056612722,,
2080-10-01,14.108353644963277,14.108353644963277,,
2080-11-01,9.049684124350094,9.049684124350094,,
2080-12-01,7.967389572640315,7.967389572640315,,
2081-01-01,6.578969431119707,6.578969431119707,,
2081-02-01,8.532421759183766,8.532421759183766,,
2081-03-01,11.803773247036707,11.803773247036707,,
2081-04-01,14.809023905128166,14.809023905128166,,
2081-05-01,16.912619045406508,16.912619045406508,,
2081-06-01,24.185895642919387,24.185895642919387,,
2081-07-01,26.85431444029865,26.85431444029865,,
2081-08-01,24.36800921614893,24.36800921614893,,
2081-09-01,17.936768061413296,17.936768061413296,,
2081-10-01,18.936118653062703,18.936118653062703,,
2081-11-01,12.601011461762395,12.601011461762395,,
2081-12-01,7.170354070152518,7.170354070152518,,
2082-01-01,7.051151405418472,7.051151405418472,,
2082-02-01,8.863336842541658,8.863336842541658,,
2082-03-01,10.566948670089698,10.566948670089698,,
2082-04-01,16.600180588775686,16.600180588775686,,
2082-05-01,18.319972532974496,18.319972532974496,,
2082-06-01,16.93042603424501,16.93042603424501,,
2082-07-01,23.59057545682973,23.59057545682973,,
2082-08-01,17.94441321139435,17.94441321139435,,
2082-09-01,19.094011558115117,19.094011558115117,,
2082-10-01,10.86799734888497,10.86799734888497,,
2082-11-01,9.782997541216544,9.782997541216544,,
2082-12-01,9.201267959397356,9.201267959397356,,
2083-01-01,7.637599301573636,7.637599301573636,,
2083-02-01,8.60889237855992,8.60889237855992,,
2083-03-01,10.847924977247892,10.847924977247892,,
2083-04-01,14.760710893123802,14.760710893123802,,
2083-05-01,16.61202219820857,16.61202219820857,,
2083-06-01,21.095618772160226,21.095618772160226,,
2083-07-01,22.944339121562304,22.944339121562304,,
2083-08-01,20.273278994246507,20.273278994246507,,
2083-09-01,18.508352933713343,18.508352933713343,,
2083-10-01,11.653839058875601,11.653839058875601,,
2083-11-01,8.843176668966242,8.843176668966242,,
2083-12-01,6.623160092469932,6.623160092469932,,
2084-01-01,11.142492351417186,11.142492351417186,,
2084-02-01,7.398471858313647,7.398471858313647,,
2084-03-01,12.130376247157391,12.130376247157391,,
2084-04-01,15.057863227414297,15.057863227414297,,
2084-05-01,20.86979182495645,20.86979182495645,,
2084-06-01,22.87353183210237,22.87353183210237,,
2084-07-01,23.301219037699777,23.301219037699777,,
2084-08-01,22.085210040392536,22.085210040392536,,
2084-09-01,19.547245660132447,19.547245660132447,,
2084-10-01,17.05277298540133,17.05277298540133,,
2084-11-01,13.313794337935574,13.313794337935574,,
2084-12-01,7.7381116086374035,7.7381116086374035,,
2085-01-01,3.920243254373455,3.920243254373455,,
2085-02-01,6.475800111335402,6.475800111335402,,
2085-03-01,11.08486700713282,11.08486700713282,,
2085-04-01,13.886480280617485,13.886480280617485,,
2085-05-01,19.355654929943057,19.355654929943057,,
2085-06-01,22.121734475339846,22.121734475339846,,
2085-07-01,25.21915619298388,25.21915619298388,,
2085-08-01,21.35989028612781,21.35989028612781,,
2085-09-01,19.239145282634546,19.239145282634546,,
2085-10-01,14.89020490558616,14.89020490558616,,
2085-11-01,9.470833551332777,9.470833551332777,,
2085-12-01,12.299062714330157,12.299062714330157,,
2086-01-01,6.657621538824262,6.657621538824262,,
2086-02-01,7.67261816524507,7.67261816524507,,
2086-03-01,10.922408628422971,10.922408628422971,,
2086-04-01,16.436700701542303,16.436700701542303,,
2086-05-01,18.967173620984475,18.967173620984475,,
2086-06-01,21.1316370124737,21.1316370124737,,
2086-07-01,23.033994723437626,23.033994723437626,,
2086-08-01,18.941756289215178,18.941756289215178,,
2086-09-01,23.99971657081838,23.99971657081838,,
2086-10-01,16.472932177945008,16.472932177945008,,
2086-11-01,9.025774633685089,9.025774633685089,,
2086-12-01,8.58386056257195,8.58386056257195,,
2087-01-01,5.876000376816696,5.876000376816696,,
2087-02-01,8.280620009634884,8.280620009634884,,
2087-03-01,13.285322314827994,13.285322314827994,,
2087-04-01,16.087814374057725,16.087814374057725,,
2087-05-01,17.104497005631426,17.104497005631426,,
2087-06-01,23.165130906121824,23.165130906121824,,
2087-07-01,21.756200122677882,21.756200122677882,,
2087-08-01,23.09927238127118,23.09927238127118,,
2087-09-01,15.617435903377544,15.617435903377544,,
2087-10-01,15.517525060072762,15.517525060072762,,
2087-11-01,11.316334655240968,11.316334655240968,,
2087-12-01,7.230853243438437,7.230853243438437,,
2088-01-01,6.503181715939023,6.503181715939023,,
2088-02-01,5.668309282216439,5.668309282216439,,
2088-03-01,13.070661551706769,13.070661551706769,,
2088-04-01,16.63760058299995,16.63760058299995,,
2088-05-01,22.604739299923168,22.604739299923168,,
2088-06-01,22.311620702758447,22.311620702758447,,
2088-07-01,22.393156326577348,22.393156326577348,,
2088-08-01,21.73725924945051,21.73725924945051,,
2088-09-01,21.211046552048366,21.211046552048366,,
2088-10-01,13.819364467454902,13.819364467454902,,
2088-11-01,9.185913605488363,9.185913605488363,,
2088-12-01,9.981364138943915,9.981364138943915,,
2089-01-01,10.11353834610653,10.11353834610653,,
2089-02-01,9.633999960253222,9.633999960253222,,
2089-03-01,13.365514012300938,13.365514012300938,,
2089-04-01,13.358367168570597,13.358367168570597,,
2089-05-01,16.63044867682584,16.63044867682584,,
2089-06-01,21.446047662751003,21.446047662751003,,
2089-07-01,25.22512819478613,25.22512819478613,,
2089-08-01,18.112126825554032,18.112126825554032,,
2089-09-01,15.50000460941901,15.50000460941901,,
2089-10-01,17.365990784107684,17.365990784107684,,
2089-11-01,11.622744357102379,11.622744357102379,,
2089-12-01,13.108995257205965,13.108995257205965,,
2090-01-01,8.018489743778904,8.018489743778904,,
2090-02-01,10.4388258971735,10.4388258971735,,
2090-03-01,10.70368361925072,10.70368361925072,,
2090-04-01,17.29854619168409,17.29854619168409,,
2090-05-01,20.09364138138422,20.09364138138422,,
2090-06-01,21.953185207518146,21.953185207518146,,
2090-07-01,21.449981136195596,21.449981136195596,,
2090-08-01,22.879283798216672,22.879283798216672,,
2090-09-01,15.32784347722228,15.32784347722228,,
2090-10-01,17.374636101970108,17.374636101970108,,
2090-11-01,10.311630504267171,10.311630504267171,,
2090-12-01,8.49651252781354,8.49651252781354,,
2091-01-01,6.0195537180949845,6.0195537180949845,,
2091-02-01,5.818461436690162,5.818461436690162,,
2091-03-01,9.044339710486184,9.044339710486184,,
2091-04-01,14.861111523948667,14.861111523948667,,
2091-05-01,15.809982304938954,15.809982304938954,,
2091-06-01,19.534579960048497,19.534579960048497,,
2091-07-01,23.523287998049113,23.523287998049113,,
2091-08-01,21.579771404960205,21.579771404960205,,
2091-09-01,21.612237233970855,21.612237233970855,,
2091-10-01,18.727528954080032,18.727528954080032,,
2091-11-01,11.106994699569826,11.106994699569826,,
2091-12-01,8.008578835957799,8.008578835957799,,
2092-01-01,8.735289351815283,8.735289351815283,,
2092-02-01,7.758782626864436,7.758782626864436,,
2092-03-01,11.48922464345481,11.48922464345481,,
2092-04-01,12.638486825940014,12.638486825940014,,
2092-05-01,17.486852001412327,17.486852001412327,,
2092-06-01,19.857383850353546,19.857383850353546,,
2092-07-01,21.185103109048267,21.185103109048267,,
2092-08-01,17.15992088359456,17.15992088359456,,
2092-09-01,20.375833366949802,20.375833366949802,,
2092-10-01,15.847758183846356,15.847758183846356,,
2092-11-01,13.919452789083401,13.919452789083401,,
2092-12-01,7.735792528383242,7.735792528383242,,
2093-01-01,8.932717482634144,8.932717482634144,,
2093-02-01,8.496645380885008,8.496645380885008,,
2093-03-01,14.558414661474599,14.558414661474599,,
2093-04-01,14.31501128879989,14.31501128879989,,
2093-05-01,16.905849691917748,16.905849691917748,,
2093-06-01,21.847545254621615,21.847545254621615,,
2093-07-01,21.301015940232805,21.301015940232805,,
2093-08-01,20.578891768682364,20.578891768682364,,
2093-09-01,18.27677717798618,18.27677717798618,,
2093-10-01,10.810004452720573,10.810004452720573,,
2093-11-01,9.420402899529527,9.420402899529527,,
2093-12-01,10.505097180296648,10.505097180296648,,
2094-01-01,6.1373891682091966,6.1373891682091966,,
2094-02-01,11.98996126157257,11.98996126157257,,
2094-03-01,11.310429733748112,11.310429733748112,,
2094-04-01,16.408683584289502,16.408683584289502,,
2094-05-01,20.346264827802116,20.346264827802116,,
2094-06-01,20.48278547182816,20.48278547182816,,
2094-07-01,20.420059205186686,20.420059205186686,,
2094-08-01,20.29644964411255,20.29644964411255,,
2094-09-01,22.372960268124718,22.372960268124718,,
2094-10-01,12.790963605662732,12.790963605662732,,
2094-11-01,10.661572641906764,10.661572641906764,,
2094-12-01,6.317638511197826,6.317638511197826,,
2095-01-01,9.286191319826504,9.286191319826504,,
2095-02-01,7.512205019838431,7.512205019838431,,
2095-03-01,10.164851953329599,10.164851953329599,,
2095-04-01,11.185147240505245,11.185147240505245,,
2095-05-01,15.737098905913957,15.737098905913957,,
2095-06-01,26.256539160305866,26.256539160305866,,
2095-07-01,20.33913717297417,20.33913717297417,,
2095-08-01,24.211116238540356,24.211116238540356,,
2095-09-01,19.20217009588769,19.20217009588769,,
2095-10-01,13.921447885033743,13.921447885033743,,
2095-11-01,8.737294058249368,8.737294058249368,,
2095-12-01,12.41443596353493,12.41443596353493,,
2096-01-01,9.17783108091028,9.17783108091028,,
2096-02-01,8.473518142084522,8.473518142084522,,
2096-03-01,13.125964986472637,13.125964986472637,,
2096-04-01,14.309384808260651,14.309384808260651,,
2096-05-01,19.459809469956976,19.459809469956976,,
2096-06-01,20.08752086993853,20.08752086993853,,
2096-07-01,21.531807851026496,21.531807851026496,,
2096-08-01,22.580818162072152,22.580818162072152,,
2096-09-01,18.928088596375996,18.928088596375996,,
2096-10-01,12.916361125838748,12.916361125838748,,
2096-11-01,13.276942495714357,13.276942495714357,,
2096-12-01,8.390027338830812,8.390027338830812,,
2097-01-01,9.354746003460761,9.354746003460761,,
2097-02-01,5.894404366659901,5.894404366659901,,
2097-03-01,12.531986467306947,12.531986467306947,,
2097-04-01,14.53950906700116,14.53950906700116,,
2097-05-01,14.07160526989508,14.07160526989508,,
2097-06-01,22.448962555803647,22.448962555803647,,
2097-07-01,23.311984437690842,23.311984437690842,,
2097-08-01,20.536223506279963,20.536223506279963,,
2097-09-01,18.837032909367117,18.837032909367117,,
2097-10-01,13.349585349061435,13.349585349061435,,
2097-11-01,11.739561966622755,11.739561966622755,,
2097-12-01,12.396521361273752,12.396521361273752,,
2098-01-01,7.323913353696884,7.323913353696884,,
2098-02-01,9.863213541507955,9.863213541507955,,
2098-03-01,13.390000774244982,13.390000774244982,,
2098-04-01,16.452900654550426,16.452900654550426,,
2098-05-01,16.823424016726555,16.823424016726555,,
2098-06-01,21.295196442339307,21.295196442339307,,
2098-07-01,20.640125827756798,20.640125827756798,,
2098-08-01,20.629137352338894,20.629137352338894,,
2098-09-01,14.728463008970293,14.728463008970293,,
2098-10-01,19.92162919936829,19.92162919936829,,
2098-11-01,10.260450133137418,10.260450133137418,,
2098-12-01,6.38016511984244,6.38016511984244,,
2099-01-01,8.0435649202637,8.0435649202637,,
2099-02-01,8.593281253414858,8.593281253414858,,
2099-03-01,11.085674192943822,11.085674192943822,,
2099-04-01,16.62757335641166,16.62757335641166,,
2099-05-01,20.0769186991239,20.0769186991239,,
2099-06-01,20.34431207120452,20.34431207120452,,
2099-07-01,23.429942808372353,23.429942808372353,,
2099-08-01,20.72579806899666,20.72579806899666,,
2099-09-01,18.42988275167643,18.42988275167643,,
2099-10-01,15.708096475997294,15.708096475997294,,
2099-11-01,12.341415224545912,12.341415224545912,,
2099-12-01,7.862762852019698,7.862762852019698,,
1950-01-01,,,6.403552126060593,
1950-02-01,,,5.5733922933631606,
1950-03-01,,,6.842352495205486,
1950-04-01,,,7.7930456990504124,
1950-05-01,,,12.868698884319446,
1950-06-01,,,13.092325218578063,
1950-07-01,,,17.345261739389,
1950-08-01,,,15.13160226353719,
1950-09-01,,,14.008734942230573,
1950-10-01,,,9.676825862435313,
1950-11-01,,,5.25063037092811,
1950-12-01,,,5.255441396600338,
1951-01-01,,,3.8878331671492816,
1951-02-01,,,2.370440053911794,
1951-03-01,,,7.0548716689676265,
1951-04-01,,,9.973855958106343,
1951-05-01,,,13.871709833085726,
1951-06-01,,,15.0492503535051,
1951-07-01,,,15.347577945122833,
1951-08-01,,,14.517632540228405,
1951-09-01,,,11.26364981777565,
1951-10-01,,,12.170062166378823,
1951-11-01,,,7.817664516435428,
1951-12-01,,,8.019216764727757,
1952-01-01,,,5.5743121397054916,
1952-02-01,,,8.429858325578344,
1952-03-01,,,7.882403217190008,
1952-04-01,,,10.13863861282564,
1952-05-01,,,11.59334941660543,
1952-06-01,,,15.136784842621628,
1952-07-01,,,13.170815063595164,
1952-08-01,,,16.03351856553521,
1952-09-01,,,11.893685981374139,
1952-10-01,,,8.896212570263287,
1952-11-01,,,7.809476397045675,
1952-12-01,,,5.570180980512483,
1953-01-01,,,7.473744652315132,
1953-02-01,,,3.9881550147479983,
1953-03-01,,,9.080160832612679,
1953-04-01,,,10.039280575035486,
1953-05-01,,,13.511373733728073,
1953-06-01,,,14.823213272393488,
1953-07-01,,,12.805904983176259,
1953-08-01,,,14.876389738849042,
1953-09-01,,,11.09338940108737,
1953-10-01,,,7.892202223205599,
1953-11-01,,,7.487185397929598,
1953-12-01,,,7.381426584918533,
1954-01-01,,,7.398470388709195,
1954-02-01,,,2.3235783941999992,
1954-03-01,,,8.714553461509363,
1954-04-01,,,6.857783587601963,
1954-05-01,,,15.128277838840887,
1954-06-01,,,13.93330803781067,
1954-07-01,,,14.91585389051658,
1954-08-01,,,15.693309056416892,
1954-09-01,,,12.144380320114168,
1954-10-01,,,9.85146592159464,
1954-11-01,,,5.932925629405768,
1954-12-01,,,5.770763277508388,
1955-01-01,,,4.551800768234585,
1955-02-01,,,9.642395404552495,
1955-03-01,,,6.5857025879315065,
1955-04-01,,,9.08535763479649,
1955-05-01,,,14.698287742629825,
1955-06-01,,,11.881680979761022,
1955-07-01,,,15.530218428858163,
1955-08-01,,,14.922757288135974,
1955-09-01,,,11.695217254808457,
1955-10-01,,,8.546229413863513,
1955-11-01,,,8.032410950885085,
1955-12-01,,,5.395129290150881,
1956-01-01,,,4.701979255230312,
1956-02-01,,,5.002769027586914,
1956-03-01,,,7.520263871367547,
1956-04-01,,,10.28043730503164,
1956-05-01,,,13.209565040926854,
1956-06-01,,,13.87960832688835,
1956-07-01,,,12.502303488602653,
1956-08-01,,,14.491061224162383,
1956-09-01,,,11.007467504636166,
1956-10-01,,,9.967207606328486,
1956-11-01,,,8.218795700423085,
1956-12-01,,,5.018024369599076,
1957-01-01,,,7.016319566737913,
1957-02-01,,,2.4400842516761267,
1957-03-01,,,11.656346583837257,
1957-04-01,,,10.102597968604316,
1957-05-01,,,11.07864865202771,
1957-06-01,,,16.157392188000575,
1957-07-01,,,15.321508507259734,
1957-08-01,,,11.275594909226928,
1957-09-01,,,10.329303351540444,
1957-10-01,,,8.758016178366013,
1957-11-01,,,8.726416481339758,
1957-12-01,,,4.108160390602086,
1958-01-01,,,5.370990865609009,
1958-02-01,,,6.241369473219046,
1958-03-01,,,9.684929237541294,
1958-04-01,,,12.198806191193427,
1958-05-01,,,11.911356959869291,
1958-06-01,,,13.507882257361768,
1958-07-01,,,12.459490788873564,
1958-08-01,,,19.8363316921953,
1958-09-01,,,13.214923476501907,
1958-10-01,,,12.462372603718785,
1958-11-01,,,4.052527616421585,
1958-12-01,,,6.7025713208321065,
1959-01-01,,,4.4696254113646585,
1959-02-01,,,5.448391952006816,
1959-03-01,,,4.9641432603535,
1959-04-01,,,10.275878303464747,
1959-05-01,,,13.017928803458751,
1959-06-01,,,17.719020484106785,
1959-07-01,,,14.834130671802619,
1959-08-01,,,13.41999495859532,
1959-09-01,,,11.764510097247445,
1959-10-01,,,11.139691628300099,
1959-11-01,,,7.724154691487436,
1959-12-01,,,5.467466743448198,
1960-01-01,,,1.5123650320664366,
1960-02-01,,,7.464587464604068,
1960-03-01,,,10.285874566061423,
1960-04-01,,,9.111925772143104,
1960-05-01,,,11.20758037722932,
1960-06-01,,,14.86084232069406,
1960-07-01,,,14.365694805062182,
1960-08-01,,,15.4667724428452,
1960-09-01,,,10.721219615546396,
1960-10-01,,,11.713455314531249,
1960-11-01,,,7.5359401517207445,
1960-12-01,,,7.166873248834128,
1961-01-01,,,5.319449594353657,
1961-02-01,,,7.22908040133663,
1961-03-01,,,7.456223107949319,
1961-04-01,,,9.699891762614142,
1961-05-01,,,14.733960708149095,
1961-06-01,,,15.095904446086925,
1961-07-01,,,15.911657261690777,
1961-08-01,,,15.51347301425722,
1961-09-01,,,10.2745711210622,
1961-10-01,,,10.569600273839468,
1961-11-01,,,6.9509790884717635,
1961-12-01,,,4.656635627846345,
1962-01-01,,,3.908038613159746,
1962-02-01,,,5.745355732420924,
1962-03-01,,,7.289093484722797,
1962-04-01,,,10.469905726680038,
1962-05-01,,,12.475692672071473,
1962-06-01,,,16.355650085317915,
1962-07-01,,,13.45075065567817,
1962-08-01,,,15.05845664348541,
1962-09-01,,,15.787280865184108,
1962-10-01,,,10.329082427970475,
1962-11-01,,,7.2181572018795706,
1962-12-01,,,5.1130262878625246,
1963-01-01,,,5.619470267242686,
1963-02-01,,,7.1445686603283445,
1963-03-01,,,5.918567528223579,
1963-04-01,,,10.455599788316242,
1963-05-01,,,13.015122718148806,
1963-06-01,,,17.66597179445117,
1963-07-01,,,15.921391078194588,
1963-08-01,,,16.353246870334335,
1963-09-01,,,14.024565817035436,
1963-10-01,,,10.683834986380523,
1963-11-01,,,7.201590791916349,
1963-12-01,,,6.752235436587286,
1964-01-01,,,5.626525453289077,
1964-02-01,,,6.236839707788888,
1964-03-01,,,8.567554575799932,
1964-04-01,,,6.4178763049891545,
1964-05-01,,,12.565867508842034,
1964-06-01,,,18.195583916835098,
1964-07-01,,,16.843698745577722,
1964-08-01,,,14.211872017119461,
1964-09-01,,,10.600728903227571,
1964-10-01,,,11.319654593906149,
1964-11-01,,,7.640837779675054,
1964-12-01,,,6.53584989526996,
1965-01-01,,,6.5939288442184685,
1965-02-01,,,8.075380777882234,
1965-03-01,,,4.506931511226025,
1965-04-01,,,9.327446999172254,
1965-05-01,,,13.660426956241086,
1965-06-01,,,14.722557715942997,
1965-07-01,,,16.78936908722897,
1965-08-01,,,13.234408756043926,
1965-09-01,,,12.403403655758318,
1965-10-01,,,8.107229413477608,
1965-11-01,,,8.708205358248478,
1965-12-01,,,2.905392805542463,
1966-01-01,,,6.767426644898146,
1966-02-01,,,5.7458780970833905,
1966-03-01,,,7.695677392349029,
1966-04-01,,,9.802153802810489,
1966-05-01,,,10.404071380723758,
1966-06-01,,,10.889455115359649,
1966-07-01,,,15.916396349902135,
1966-08-01,,,13.88758297492362,
1966-09-01,,,10.271656317813198,
1966-10-01,,,11.510604798524474,
1966-11-01,,,6.335191690351354,
1966-12-01,,,7.112362435748269,
1967-01-01,,,3.594257432478403,
1967-02-01,,,5.904511419405743,
1967-03-01,,,6.240667982739695,
1967-04-01,,,10.313731208798101,
1967-05-01,,,12.584540978815943,
1967-06-01,,,13.197127537247319,
1967-07-01,,,12.53803983326152,
1967-08-01,,,17.547195224505426,
1967-09-01,,,9.74708889403348,
1967-10-01,,,9.627351386871617,
1967-11-01,,,10.858357670641148,
1967-12-01,,,6.310012409575611,
1968-01-01,,,7.938896187027991,
1968-02-01,,,6.105255746461813,
1968-03-01,,,7.989928430749581,
1968-04-01,,,9.514053145735478,
1968-05-01,,,14.196903004030515,
1968-06-01,,,14.562939501299972,
1968-07-01,,,13.789386088665665,
1968-08-01,,,16.61524470851046,
1968-09-01,,,13.683774409697449,
1968-10-01,,,9.046222130197787,
1968-11-01,,,9.613681872019203,
1968-12-01,,,5.790315011795492,
1969-01-01,,,4.8663113066403625,
1969-02-01,,,8.061745102267196,
1969-03-01,,,8.632770052857877,
1969-04-01,,,9.7962640970176,
1969-05-01,,,12.357733758723912,
1969-06-01,,,11.560236492937499,
1969-07-01,,,16.588562727331407,
1969-08-01,,,14.7504940396898,
1969-09-01,,,13.237438437452369,
1969-10-01,,,10.342509343510818,
1969-11-01,,,6.742295923873698,
1969-12-01,,,3.745666337245381,
1970-01-01,,,5.534850319563562,
1970-02-01,,,6.956923464800518,
1970-03-01,,,6.592233790231029,
1970-04-01,,,9.89548604277893,
1970-05-01,,,13.818717707769856,
1970-06-01,,,10.9542758234235,
1970-07-01,,,14.653854807315392,
1970-08-01,,,13.06155709294616,
1970-09-01,,,10.807994393685437,
1970-10-01,,,8.957048409182612,
1970-11-01,,,7.3292416745413265,
1970-12-01,,,6.761110829364601,
1971-01-01,,,5.979865777282599,
1971-02-01,,,5.050970472760823,
1971-03-01,,,6.86725059453738,
1971-04-01,,,9.50433859340198,
1971-05-01,,,12.508884766981692,
1971-06-01,,,14.477228912995699,
1971-07-01,,,16.734440675947315,
1971-08-01,,,16.691953668205944,
1971-09-01,,,14.928539159005679,
1971-10-01,,,11.937332011355185,
1971-11-01,,,8.676758562473472,
1971-12-01,,,7.817771933506498,
1972-01-01,,,4.056121970050895,
1972-02-01,,,6.689740380929438,
1972-03-01,,,8.140757278470149,
1972-04-01,,,9.886507406842998,
1972-05-01,,,9.918964252478904,
1972-06-01,,,15.420539402138143,
1972-07-01,,,13.845122012754144,
1972-08-01,,,12.829904374447253,
1972-09-01,,,10.708402130248176,
1972-10-01,,,9.473957211128411,
1972-11-01,,,5.623111645854829,
1972-12-01,,,2.705573152983159,
1973-01-01,,,5.401508738868027,
1973-02-01,,,6.367919287096613,
1973-03-01,,,9.137969206211837,
1973-04-01,,,8.061796062827574,
1973-05-01,,,13.288016389713903,
1973-06-01,,,14.550803212207933,
1973-07-01,,,16.644219375638322,
1973-08-01,,,14.351174231554777,
1973-09-01,,,13.846119090456193,
1973-10-01,,,9.84097947140845,
1973-11-01,,,5.776749472434798,
1973-12-01,,,8.48572568150751,
1974-01-01,,,6.023541308363019,
1974-02-01,,,0.5351527575218,
1974-03-01,,,8.182222517628876,
1974-04-01,,,9.866531694201187,
1974-05-01,,,13.569856751957156,
1974-06-01,,,15.391413161039461,
1974-07-01,,,13.757403391780338,
1974-08-01,,,18.349441525543533,
1974-09-01,,,13.892587274682182,
1974-10-01,,,9.242274448437453,
1974-11-01,,,7.671593254861766,
1974-12-01,,,5.8479093461925125,
1975-01-01,,,4.6157330598016895,
1975-02-01,,,4.529001810284846,
1975-03-01,,,9.101695627035058,
1975-04-01,,,11.255763748646075,
1975-05-01,,,14.033141548807825,
1975-06-01,,,17.814830737770507,
1975-07-01,,,13.912020380447398,
1975-08-01,,,13.934441164658711,
1975-09-01,,,8.883077240937464,
1975-10-01,,,9.742530688645905,
1975-11-01,,,6.448561221211799,
1975-12-01,,,7.5040454962274445,
1976-01-01,,,3.076202079257726,
1976-02-01,,,4.370899060204783,
1976-03-01,,,8.603108787307903,
1976-04-01,,,11.329268085347728,
1976-05-01,,,11.378896695529518,
1976-06-01,,,12.326413532010335,
1976-07-01,,,15.80685652775396,
1976-08-01,,,14.146527378821379,
1976-09-01,,,12.598185280779704,
1976-10-01,,,7.101529500782755,
1976-11-01,,,9.857451807199721,
1976-12-01,,,7.117158821924686,
1977-01-01,,,4.653754987138139,
1977-02-01,,,4.838734330281333,
1977-03-01,,,9.51198592728596,
1977-04-01,,,11.05357532783525,
1977-05-01,,,13.129776610476897,
1977-06-01,,,13.670022203381079,
1977-07-01,,,13.885647077694369,
1977-08-01,,,14.8184086373017,
1977-09-01,,,12.67404319019675,
1977-10-01,,,11.209354136384672,
1977-11-01,,,7.65027829889921,
1977-12-01,,,4.5987656689199286,
1978-01-01,,,4.03580754186269,
1978-02-01,,,4.786977725325709,
1978-03-01,,,6.203521797651446,
1978-04-01,,,10.687757831660862,
1978-05-01,,,11.933669244239866,
1978-06-01,,,14.95173319112634,
1978-07-01,,,13.486496215458427,
1978-08-01,,,20.570106516718816,
1978-09-01,,,12.912131546517294,
1978-10-01,,,9.957808550714976,
1978-11-01,,,8.680166674693233,
1978-12-01,,,4.7991362891839415,
1979-01-01,,,4.630991462835964,
1979-02-01,,,7.18642119835562,
1979-03-01,,,7.949231627985991,
1979-04-01,,,11.715757126779021,
1979-05-01,,,13.314938354426754,
1979-06-01,,,16.400944920331888,
1979-07-01,,,12.542420181837361,
1979-08-01,,,13.57968229037071,
1979-09-01,,,10.947390837726614,
1979-10-01,,,10.49742093458974,
1979-11-01,,,5.280616582738144,
1979-12-01,,,6.176490012803264,
1980-01-01,,,3.904675999343606,
1980-02-01,,,5.0285079825042125,
1980-03-01,,,6.182594173389909,
1980-04-01,,,9.754611212656455,
1980-05-01,,,13.659935225379925,
1980-06-01,,,11.838358218921746,
1980-07-01,,,15.424043563485226,
1980-08-01,,,14.863237138735009,
1980-09-01,,,10.386205455161685,
1980-10-01,,,9.411861473050646,
1980-11-01,,,10.824601995412669,
1980-12-01,,,2.7711706361370014,
1981-01-01,,,2.6786201848605797,
1981-02-01,,,4.1259862432312175,
1981-03-01,,,9.231737135201119,
1981-04-01,,,9.802577448793468,
1981-05-01,,,13.59701434043268,
1981-06-01,,,15.423989475745667,
1981-07-01,,,12.988937966577453,
1981-08-01,,,13.327008888326901,
1981-09-01,,,13.307140366628978,
1981-10-01,,,11.346466958777114,
1981-11-01,,,8.558365592119468,
1981-12-01,,,7.412081246735156,
1982-01-01,,,4.366356669718841,
1982-02-01,,,3.075970777872969,
1982-03-01,,,7.201725142534611,
1982-04-01,,,11.651260162893884,
1982-05-01,,,16.12986907301558,
1982-06-01,,,13.923245389342652,
1982-07-01,,,15.02767182679047,
1982-08-01,,,14.294647464542212,
1982-09-01,,,12.844149359998713,
1982-10-01,,,10.27722118128944,
1982-11-01,,,5.093079635591383,
1982-12-01,,,2.1370237699753654,
1983-01-01,,,7.590297306967838,
1983-02-01,,,3.662196924767213,
1983-03-01,,,7.044008512208096,
1983-04-01,,,10.694452669842335,
1983-05-01,,,11.98915980768141,
1983-06-01,,,17.1469353520965,
1983-07-01,,,19.305045728729006,
1983-08-01,,,13.557825108002895,
1983-09-01,,,12.766933549641466,
1983-10-01,,,11.360712536898713,
1983-11-01,,,7.760848642138346,
1983-12-01,,,2.2247992447110656,
1984-01-01,,,4.056688067435484,
1984-02-01,,,5.540809896251525,
1984-03-01,,,8.386822658177408,
1984-04-01,,,12.797517650268597,
1984-05-01,,,11.471060091632342,
1984-06-01,,,13.0587159000898,
1984-07-01,,,14.080122115020972,
1984-08-01,,,16.484456470042343,
1984-09-01,,,15.794249087571004,
1984-10-01,,,12.918913270596292,
1984-11-01,,,6.690084107567435,
1984-12-01,,,6.003157020262213,
1985-01-01,,,4.5604707369559785,
1985-02-01,,,3.758287053870757,
1985-03-01,,,5.201541642667152,
1985-04-01,,,10.457367267787735,
1985-05-01,,,12.746210294185575,
1985-06-01,,,12.905902940167968,
1985-07-01,,,14.350135823831272,
1985-08-01,,,16.012080306797777,
1985-09-01,,,12.696041200386238,
1985-10-01,,,9.651309373859595,
1985-11-01,,,6.102672628507344,
1985-12-01,,,8.307754572375126,
1986-01-01,,,3.0853386363754858,
1986-02-01,,,0.7260605543933902,
1986-03-01,,,9.629081652190578,
1986-04-01,,,8.351583139503735,
1986-05-01,,,12.984341178010274,
1986-06-01,,,15.927666772566674,
1986-07-01,,,15.236808686409322,
1986-08-01,,,13.279508276927487,
1986-09-01,,,13.057363942403413,
1986-10-01,,,8.758989292428911,
1986-11-01,,,8.521202351887682,
1986-12-01,,,3.4132325551464557,
1987-01-01,,,3.0683799497522255,
1987-02-01,,,5.076211520380431,
1987-03-01,,,10.32163234314975,
1987-04-01,,,10.432127008143047,
1987-05-01,,,14.287053482345542,
1987-06-01,,,14.42474040131848,
1987-07-01,,,16.653477457912647,
1987-08-01,,,17.03992284104512,
1987-09-01,,,14.17191772366513,
1987-10-01,,,10.762858000334715,
1987-11-01,,,6.970564921272964,
1987-12-01,,,8.781841127581137,
1988-01-01,,,4.3777804867612415,
1988-02-01,,,6.40173327032843,
1988-03-01,,,6.330318724084113,
1988-04-01,,,10.368467971076354,
1988-05-01,,,11.738183408738596,
1988-06-01,,,10.46991566147294,
1988-07-01,,,18.543448221051538,
1988-08-01,,,12.883994132532509,
1988-09-01,,,13.327096467573098,
1988-10-01,,,9.068895624114665,
1988-11-01,,,10.306795737264059,
1988-12-01,,,7.626771305589785,
1989-01-01,,,3.5686378996427575,
1989-02-01,,,8.818510578573266,
1989-03-01,,,7.481063221747256,
1989-04-01,,,9.776059414383893,
1989-05-01,,,12.743393916659736,
1989-06-01,,,15.2765259435379,
1989-07-01,,,14.583589548238383,
1989-08-01,,,13.608900334860426,
1989-09-01,,,11.592815847815116,
1989-10-01,,,10.442215801314196,
1989-11-01,,,7.544218237417828,
1989-12-01,,,3.50295851170162,
1990-01-01,,,3.208335839964566,
1990-02-01,,,5.21527341934074,
1990-03-01,,,5.536003544295716,
1990-04-01,,,10.747146802631054,
1990-05-01,,,13.135700626909935,
1990-06-01,,,12.12853010280316,
1990-07-01,,,17.325768774109136,
1990-08-01,,,13.677910692739555,
1990-09-01,,,13.7064318844525,
1990-10-01,,,9.428344173136042,
1990-11-01,,,8.186274916453765,
1990-12-01,,,5.530891667992866,
1991-01-01,,,4.3822372913765175,
1991-02-01,,,6.968412460108296,
1991-03-01,,,9.039417287683625,
1991-04-01,,,10.381435805294887,
1991-05-01,,,12.826685833136905,
1991-06-01,,,17.450200223568032,
1991-07-01,,,21.052812524343835,
1991-08-01,,,14.15753749864442,
1991-09-01,,,12.29399288701581,
1991-10-01,,,8.559604672825298,
1991-11-01,,,6.868302268190751,
1991-12-01,,,5.573217683138048,
1992-01-01,,,3.9872129652681014,
1992-02-01,,,4.119132419290293,
1992-03-01,,,7.0443196138871516,
1992-04-01,,,6.598586963832925,
1992-05-01,,,9.386391083424575,
1992-06-01,,,14.024607329508298,
1992-07-01,,,12.899147936194556,
1992-08-01,,,13.081453804434348,
1992-09-01,,,12.422266248893976,
1992-10-01,,,10.460096016174097,
1992-11-01,,,6.079630152160553,
1992-12-01,,,3.2711865679062053,
1993-01-01,,,5.6068336967396695,
1993-02-01,,,3.862443933577781,
1993-03-01,,,6.639928041845354,
1993-04-01,,,9.45751510204097,
1993-05-01,,,12.283080435757624,
1993-06-01,,,12.655089571880401,
1993-07-01,,,16.052089161705887,
1993-08-01,,,16.639530022396382,
1993-09-01,,,12.193286009299277,
1993-10-01,,,9.037548833172954,
1993-11-01,,,9.19720484020435,
1993-12-01,,,4.282264740579866,
1994-01-01,,,5.340355056727149,
1994-02-01,,,3.282805418244706,
1994-03-01,,,7.007293597396402,
1994-04-01,,,11.164305743676408,
1994-05-01,,,16.75456580202262,
1994-06-01,,,15.338851279290116,
1994-07-01,,,12.226058065818558,
1994-08-01,,,15.507995782613044,
1994-09-01,,,14.56917252310233,
1994-10-01,,,9.90736794145742,
1994-11-01,,,7.670259728447989,
1994-12-01,,,4.627420145145812,
1995-01-01,,,4.985721870400883,
1995-02-01,,,5.589180006950815,
1995-03-01,,,6.591479201929768,
1995-04-01,,,7.88022933659118,
1995-05-01,,,12.126578134323418,
1995-06-01,,,13.884919189624792,
1995-07-01,,,17.457026216288078,
1995-08-01,,,12.25913559424487,
1995-09-01,,,10.634716382776578,
1995-10-01,,,11.796384129747125,
1995-11-01,,,8.80379951410177,
1995-12-01,,,5.6646087219673475,
1996-01-01,,,2.430310591114252,
1996-02-01,,,4.628455548264135,
1996-03-01,,,8.410739271650652,
1996-04-01,,,5.618681951756136,
1996-05-01,,,11.31474485724863,
1996-06-01,,,19.848149106179132,
1996-07-01,,,12.503168728674364,
1996-08-01,,,14.531889166421784,
1996-09-01,,,12.286586432167251,
1996-10-01,,,8.739583058190457,
1996-11-01,,,9.077617575433136,
1996-12-01,,,7.792134317146891,
1997-01-01,,,4.609733944453754,
1997-02-01,,,6.076598743096876,
1997-03-01,,,9.279007895950098,
1997-04-01,,,9.24621472756716,
1997-05-01,,,9.157483575590453,
1997-06-01,,,13.646815723815898,
1997-07-01,,,12.366245000166337,
1997-08-01,,,11.331466044904102,
1997-09-01,,,13.203002293912476,
1997-10-01,,,10.565114520139765,
1997-11-01,,,6.1004159268463285,
1997-12-01,,,4.820811943651267,
1998-01-01,,,3.929066505977741,
1998-02-01,,,6.899319101220226,
1998-03-01,,,9.265243604437947,
1998-04-01,,,9.4903005271979,
1998-05-01,,,12.392025931809478,
1998-06-01,,,13.835120052354629,
1998-07-01,,,17.018589745771983,
1998-08-01,,,16.934859607619085,
1998-09-01,,,11.553693296236744,
1998-10-01,,,5.905716560964057,
1998-11-01,,,7.854897330051633,
1998-12-01,,,7.988967651880719,
1999-01-01,,,5.506173923586193,
1999-02-01,,,4.3785117791926496,
1999-03-01,,,8.205871695230293,
1999-04-01,,,10.609327645190216,
1999-05-01,,,12.125278958102152,
1999-06-01,,,15.490949587482936,
1999-07-01,,,15.428802935020155,
1999-08-01,,,15.137305156675378,
1999-09-01,,,12.141840918725373,
1999-10-01,,,6.965876262291934,
1999-11-01,,,9.757360368331039,
1999-12-01,,,3.679011711638972,
2000-01-01,,,2.8189596655303037,
2000-02-01,,,4.862604871461456,
2000-03-01,,,9.312482804672538,
2000-04-01,,,11.93122926388642,
2000-05-01,,,14.249675525086984,
2000-06-01,,,12.692910580634976,
2000-07-01,,,12.404821228861172,
2000-08-01,,,14.894012315254669,
2000-09-01,,,13.912575330636958,
2000-10-01,,,8.983333889658276,
2000-11-01,,,7.107766142456625,
2000-12-01,,,2.9150822670833043,
2001-01-01,,,3.4131382434658053,
2001-02-01,,,6.255153869785187,
2001-03-01,,,7.556350975026109,
2001-04-01,,,10.64115909671997,
2001-05-01,,,14.562612771573056,
2001-06-01,,,14.42878390016026,
2001-07-01,,,11.791067751047626,
2001-08-01,,,14.033652646738416,
2001-09-01,,,11.465174703934807,
2001-10-01,,,10.397768836944334,
2001-11-01,,,8.171934083300094,
2001-12-01,,,5.8278942564973235,
2002-01-01,,,3.993146365712704,
2002-02-01,,,6.837711441922892,
2002-03-01,,,4.627230266331193,
2002-04-01,,,7.5162191512548455,
2002-05-01,,,10.023595300250209,
2002-06-01,,,12.075480796391156,
2002-07-01,,,15.731801697629617,
2002-08-01,,,15.723631643727732,
2002-09-01,,,10.952638548421422,
2002-10-01,,,10.073228070590686,
2002-11-01,,,7.781215129780324,
2002-12-01,,,5.023713736754649,
2003-01-01,,,6.787731648381202,
2003-02-01,,,5.089397669495099,
2003-03-01,,,9.313483655542575,
2003-04-01,,,9.02131026662365,
2003-05-01,,,14.010411987214635,
2003-06-01,,,12.114241555512796,
2003-07-01,,,17.926100863651985,
2003-08-01,,,15.224398296610048,
2003-09-01,,,12.331211063005085,
2003-10-01,,,9.20357559635744,
2003-11-01,,,7.780002876008874,
2003-12-01,,,5.447329838349113,
2004-01-01,,,7.377450968481429,
2004-02-01,,,2.1789767793326247,
2004-03-01,,,7.8259432681320344,
2004-04-01,,,12.269552308980797,
2004-05-01,,,14.455680524249866,
2004-06-01,,,14.488533107795742,
2004-07-01,,,17.991729170923026,
2004-08-01,,,15.761504331246716,
2004-09-01,,,12.29147175847134,
2004-10-01,,,8.69683716371823,
2004-11-01,,,12.221962573141308,
2004-12-01,,,2.516382545323858,
2005-01-01,,,2.5459641413133447,
2005-02-01,,,2.545962469752091,
2005-03-01,,,8.442929732617436,
2005-04-01,,,10.59387253435908,
2005-05-01,,,12.521261876477528,
2005-06-01,,,16.253494641743085,
2005-07-01,,,12.627476916785705,
2005-08-01,,,12.751041019097794,
2005-09-01,,,12.141932263170784,
2005-10-01,,,10.537836813354582,
2005-11-01,,,6.496798516432276,
2005-12-01,,,8.54755037938829,
2006-01-01,,,2.5459647632500073,
2006-02-01,,,5.747613277059277,
2006-03-01,,,7.723324044256199,
2006-04-01,,,9.71131230042448,
2006-05-01,,,12.46208491894389,
2006-06-01,,,15.674894233341604,
2006-07-01,,,14.556096803171721,
2006-08-01,,,14.164009455590877,
2006-09-01,,,12.037027291468778,
2006-10-01,,,11.335164349317443,
2006-11-01,,,8.482784411341683,
2006-12-01,,,6.273413495772039,
2007-01-01,,,8.613694691713416,
2007-02-01,,,3.4098641493414377,
2007-03-01,,,9.760703668288029,
2007-04-01,,,10.836685812090963,
2007-05-01,,,14.487540304858614,
2007-06-01,,,15.64631602898739,
2007-07-01,,,15.357970034684623,
2007-08-01,,,15.648980154431815,
2007-09-01,,,12.88598407755931,
2007-10-01,,,9.476625724445523,
2007-11-01,,,8.82816466553164,
2007-12-01,,,6.923828423443757,
2008-01-01,,,0.6610095248017549,
2008-02-01,,,2.823006392513195,
2008-03-01,,,9.215573468044491,
2008-04-01,,,11.787455402515352,
2008-05-01,,,10.361580492242393,
2008-06-01,,,18.588997094019312,
2008-07-01,,,15.516352880198616,
2008-08-01,,,12.5706922478035,
2008-09-01,,,14.097510370297654,
2008-10-01,,,10.40017545756424,
2008-11-01,,,9.571359903695294,
2008-12-01,,,5.9456624433622425,
2009-01-01,,,4.760918936928392,
2009-02-01,,,4.6360279418879875,
2009-03-01,,,8.210096230484712,
2009-04-01,,,10.432084415445999,
2009-05-01,,,11.807398011943993,
2009-06-01,,,12.66002244083715,
2009-07-01,,,14.969164244890846,
2009-08-01,,,14.462942650546532,
2009-09-01,,,10.857900313501453,
2009-10-01,,,8.940400533989685,
2009-11-01,,,10.41732209767637,
2009-12-01,,,9.228068532159066,
2010-01-01,,,3.0238000421463838,
2010-02-01,,,6.532895453158458,
2010-03-01,,,8.633381954989597,
2010-04-01,,,9.308835380767254,
2010-05-01,,,12.060987061791359,
2010-06-01,,,14.262463325531346,
2010-07-01,,,14.875839907225798,
2010-08-01,,,14.388743504006131,
2010-09-01,,,14.652446115659997,
2010-10-01,,,10.43344922097981,
2010-11-01,,,7.892737967085527,
2010-12-01,,,4.136008235380544,
2011-01-01,,,5.589571185153199,
2011-02-01,,,5.344163924270933,
2011-03-01,,,4.209527000273793,
2011-04-01,,,10.624888518682523,
2011-05-01,,,14.142504687854295,
2011-06-01,,,14.796792864473884,
2011-07-01,,,14.562573315731376,
2011-08-01,,,13.478560215033534,
2011-09-01,,,11.103265549746641,
2011-10-01,,,9.692432800390407,
2011-11-01,,,8.620131235532012,
2011-12-01,,,6.56757181530455,
2012-01-01,,,4.877225778495704,
2012-02-01,,,8.404261689309244,
2012-03-01,,,4.668731043971028,
2012-04-01,,,9.238364171508357,
2012-05-01,,,14.71008513458794,
2012-06-01,,,15.914439491618245,
2012-07-01,,,11.964562876267033,
2012-08-01,,,14.489210305233826,
2012-09-01,,,12.162291209393617,
2012-10-01,,,12.266015165146705,
2012-11-01,,,7.761127923625555,
2012-12-01,,,7.24690232850358,
2013-01-01,,,3.854599336950063,
2013-02-01,,,6.072941656371597,
2013-03-01,,,8.645442576262905,
2013-04-01,,,10.481255256857722,
2013-05-01,,,13.429542543686399,
2013-06-01,,,14.294955531578445,
2013-07-01,,,20.58734684034085,
2013-08-01,,,14.477193274401555,
2013-09-01,,,13.846934964328574,
2013-10-01,,,10.451781134675176,
2013-11-01,,,5.978479776046746,
2013-12-01,,,5.7640525073463635,
2014-01-01,,,6.858919663129627,
2014-02-01,,,4.253321219091148,
2014-03-01,,,8.370324833416587,
2014-04-01,,,10.404383510699489,
2014-05-01,,,13.124593988182164,
2014-06-01,,,16.534419437325685,
2014-07-01,,,16.083679521567444,
2014-08-01,,,13.39901052527565,
2014-09-01,,,12.45104671367667,
2014-10-01,,,12.022288538036838,
2014-11-01,,,8.631137267888098,
2014-12-01,,,7.2259960608971605,
2015-01-01,,,6.1233190430264495,
2015-02-01,,,4.24460767790868,
2015-03-01,,,6.207013837339615,
2015-04-01,,,9.406678491839646,
2015-05-01,,,14.210008200365618,
2015-06-01,,,10.770863850634354,
2015-07-01,,,13.496725779882187,
2015-08-01,,,17.090020935794655,
2015-09-01,,,14.446071591826104,
2015-10-01,,,10.616133776537028,
2015-11-01,,,6.254419115668509,
2015-12-01,,,5.781331021451931,
2016-01-01,,,2.226849783822367,
2016-02-01,,,3.38647869100198,
2016-03-01,,,8.384177421178947,
2016-04-01,,,10.981321369285572,
2016-05-01,,,13.744530426033846,
2016-06-01,,,16.228834847857957,
2016-07-01,,,15.528381632169289,
2016-08-01,,,18.127524391186416,
2016-09-01,,,10.503056121025114,
2016-10-01,,,12.14463832315198,
2016-11-01,,,8.005002376983631,
2016-12-01,,,5.872096929743087,
2017-01-01,,,-0.059587974276682054,
2017-02-01,,,1.4971623614971428,
2017-03-01,,,6.254185930064491,
2017-04-01,,,9.064869854629087,
2017-05-01,,,13.561435681620397,
2017-06-01,,,15.225352343546595,
2017-07-01,,,15.015688098899975,
2017-08-01,,,14.332399357542608,
2017-09-01,,,15.349378768260758,
2017-10-01,,,10.06392910750408,
2017-11-01,,,5.157952133248827,
2017-12-01,,,8.070496998928585,
2018-01-01,,,4.760851700947286,
2018-02-01,,,3.668540986874028,
2018-03-01,,,6.432116430404798,
2018-04-01,,,12.377609364361811,
2018-05-01,,,10.405885472650613,
2018-06-01,,,14.468505016638513,
2018-07-01,,,16.08461151955052,
2018-08-01,,,17.722246522214782,
2018-09-01,,,12.867299867048711,
2018-10-01,,,10.835900810095662,
2018-11-01,,,5.5553567277338765,
2018-12-01,,,5.943747997532359,
2019-01-01,,,1.3698854283515105,
2019-02-01,,,2.611921656422269,
2019-03-01,,,5.711515440222698,
2019-04-01,,,10.61816823272776,
2019-05-01,,,13.618835344399214,
2019-06-01,,,14.12077045234501,
2019-07-01,,,14.167373750327696,
2019-08-01,,,13.882784900564726,
2019-09-01,,,12.10604831231422,
2019-10-01,,,9.544184437526424,
2019-11-01,,,8.797131249998994,
2019-12-01,,,4.646691272195744,
2020-01-01,,,5.424658789109075,
2020-02-01,,,2.9755079233364636,
2020-03-01,,,10.167247074728133,
2020-04-01,,,8.45349911506402,
2020-05-01,,,11.988124532851343,
2020-06-01,,,16.227039973413955,
2020-07-01,,,14.720802194102609,
2020-08-01,,,15.047889391204235,
2020-09-01,,,13.296784172394112,
2020-10-01,,,10.09822067219185,
2020-11-01,,,5.233203601708965,
2020-12-01,,,4.361931204094045,
2021-01-01,,,6.250005675174757,
2021-02-01,,,5.20983225836214,
2021-03-01,,,5.246593421438187,
2021-04-01,,,10.068211847483465,
2021-05-01,,,12.668814830830408,
2021-06-01,,,16.602139215678967,
2021-07-01,,,16.666868557978,
2021-08-01,,,10.246270556169355,
2021-09-01,,,13.384448344279459,
2021-10-01,,,9.957559039610475,
2021-11-01,,,8.36716696472997,
2021-12-01,,,7.111189250175403,
2022-01-01,,,3.388549887421862,
2022-02-01,,,4.583435489983633,
2022-03-01,,,7.596560030585479,
2022-04-01,,,8.770838350491498,
2022-05-01,,,11.96338809590713,
2022-06-01,,,11.326911776919081,
2022-07-01,,,12.073100694707428,
2022-08-01,,,11.188330299195687,
2022-09-01,,,12.588204827609434,
2022-10-01,,,12.09116621567711,
2022-11-01,,,8.227281785940608,
2022-12-01,,,4.3780823764814425,
2023-01-01,,,5.0295982493715785,
2023-02-01,,,6.716479920338068,
2023-03-01,,,8.31122088206884,
2023-04-01,,,7.907297957716061,
2023-05-01,,,11.868326056591899,
2023-06-01,,,11.079735376755266,
2023-07-01,,,15.764109488397537,
2023-08-01,,,12.334115265747187,
2023-09-01,,,12.254663946020116,
2023-10-01,,,10.243109900302002,
2023-11-01,,,8.6355028023896,
2023-12-01,,,4.695120969437472,
2024-01-01,,,1.7252047762507994,
2024-02-01,,,3.9027945577066703,
2024-03-01,,,6.678591209658843,
2024-04-01,,,9.466624207066058,
2024-05-01,,,11.737229936711238,
2024-06-01,,,16.064814216971385,
2024-07-01,,,14.299019007572895,
2024-08-01,,,13.993956538617645,
2024-09-01,,,10.099448929311194,
2024-10-01,,,10.232608516396514,
2024-11-01,,,6.891724615134197,
2024-12-01,,,6.466906472829226,
2025-01-01,,,1.882003558070387,
2025-02-01,,,4.126470045439953,
2025-03-01,,,8.510610592641214,
2025-04-01,,,10.718553121761216,
2025-05-01,,,10.327331374896636,
2025-06-01,,,15.632964928025233,
2025-07-01,,,14.923398491708285,
2025-08-01,,,13.313389740643014,
2025-09-01,,,12.462368304681911,
2025-10-01,,,9.139137401629743,
2025-11-01,,,8.5474488284684,
2025-12-01,,,7.797473718596339,
2026-01-01,,,3.622103538152007,
2026-02-01,,,7.1999515282736315,
2026-03-01,,,8.761906274142541,
2026-04-01,,,10.746084362778971,
2026-05-01,,,13.07061262732352,
2026-06-01,,,13.18552569588144,
2026-07-01,,,21.57770624001172,
2026-08-01,,,17.66924497764747,
2026-09-01,,,12.275089573358619,
2026-10-01,,,10.110391900390422,
2026-11-01,,,6.504342110996652,
2026-12-01,,,3.75772171219564,
2027-01-01,,,2.3923814516618567,
2027-02-01,,,6.323169536609651,
2027-03-01,,,7.272669563747947,
2027-04-01,,,9.242087524727221,
2027-05-01,,,10.801426916281349,
2027-06-01,,,12.407306506213123,
2027-07-01,,,15.28532127069795,
2027-08-01,,,13.995040299930373,
2027-09-01,,,10.424837145111562,
2027-10-01,,,9.548952558006158,
2027-11-01,,,9.357905858469769,
2027-12-01,,,3.8447974821516673,
2028-01-01,,,5.340065538515477,
2028-02-01,,,4.485672004796624,
2028-03-01,,,9.576408051901193,
2028-04-01,,,10.377899975792529,
2028-05-01,,,14.172369474334909,
2028-06-01,,,15.892472126205785,
2028-07-01,,,13.103210902502095,
2028-08-01,,,15.89587969803005,
2028-09-01,,,12.111708901579354,
2028-10-01,,,10.051184234371064,
2028-11-01,,,5.556592300355659,
2028-12-01,,,3.6560990637285857,
2029-01-01,,,5.277049028710103,
2029-02-01,,,4.932302879999774,
2029-03-01,,,8.089387352422813,
2029-04-01,,,7.911503428305132,
2029-05-01,,,14.030395034286997,
2029-06-01,,,16.288620146551462,
2029-07-01,,,13.59612642743752,
2029-08-01,,,14.014564347201866,
2029-09-01,,,16.003662799125873,
2029-10-01,,,11.563252204903769,
2029-11-01,,,10.161153292641089,
2029-12-01,,,3.989237595156318,
2030-01-01,,,4.685780737827369,
2030-02-01,,,5.846865105003841,
2030-03-01,,,7.860529175549712,
2030-04-01,,,12.053287904744709,
2030-05-01,,,12.593060522251976,
2030-06-01,,,14.403531379644086,
2030-07-01,,,14.61277259983091,
2030-08-01,,,12.65766694082582,
2030-09-01,,,12.564399999699825,
2030-10-01,,,9.86709952153647,
2030-11-01,,,10.47123997266938,
2030-12-01,,,5.212395836789224,
2031-01-01,,,5.815169242355408,
2031-02-01,,,4.731665576614747,
2031-03-01,,,5.832569502856917,
2031-04-01,,,9.891380252786009,
2031-05-01,,,9.94136767914655,
2031-06-01,,,13.617856145512304,
2031-07-01,,,13.036021878872344,
2031-08-01,,,15.269861052221954,
2031-09-01,,,14.091732353032974,
2031-10-01,,,10.637759808555318,
2031-11-01,,,8.5907971349434,
2031-12-01,,,4.809035211740872,
2032-01-01,,,4.532243309754014,
2032-02-01,,,4.677750360157556,
2032-03-01,,,10.687497454317262,
2032-04-01,,,10.481779371413744,
2032-05-01,,,11.684188337808418,
2032-06-01,,,15.596707471147846,
2032-07-01,,,15.193096285978898,
2032-08-01,,,13.963063699541284,
2032-09-01,,,14.364581634361038,
2032-10-01,,,9.823755555203773,
2032-11-01,,,7.530682571402108,
2032-12-01,,,4.349689473606757,
2033-01-01,,,3.6930848520962423,
2033-02-01,,,3.9943136632921497,
2033-03-01,,,6.987931085378304,
2033-04-01,,,12.418918244164843,
2033-05-01,,,13.189505240479827,
2033-06-01,,,16.7273311096856,
2033-07-01,,,14.524853319145874,
2033-08-01,,,14.009501544772393,
2033-09-01,,,12.362787187747955,
2033-10-01,,,9.814696073271863,
2033-11-01,,,8.80394555014697,
2033-12-01,,,4.510038470102912,
2034-01-01,,,4.334814526113291,
2034-02-01,,,4.6514098344859995,
2034-03-01,,,6.808182816168072,
2034-04-01,,,10.632894958003085,
2034-05-01,,,12.598394289896694,
2034-06-01,,,13.105449495818744,
2034-07-01,,,20.390664469195492,
2034-08-01,,,14.302686089701915,
2034-09-01,,,8.98409578723805,
2034-10-01,,,9.851988392239765,
2034-11-01,,,7.422955784986272,
2034-12-01,,,8.939242311704342,
2035-01-01,,,6.57619780910403,
2035-02-01,,,5.82381058563665,
2035-03-01,,,9.803357134618041,
2035-04-01,,,9.268818971371955,
2035-05-01,,,14.72419536085136,
2035-06-01,,,14.56230681099551,
2035-07-01,,,15.766532100756443,
2035-08-01,,,15.687908283234776,
2035-09-01,,,9.416811617814332,
2035-10-01,,,9.8878507604623,
2035-11-01,,,8.788838758323841,
2035-12-01,,,4.608894799988559,
2036-01-01,,,-1.2007884317550044,
2036-02-01,,,5.864546977110388,
2036-03-01,,,7.148691309366817,
2036-04-01,,,8.779295615408158,
2036-05-01,,,10.129279007766993,
2036-06-01,,,14.890206756850452,
2036-07-01,,,14.973816110143554,
2036-08-01,,,12.89868337341421,
2036-09-01,,,13.62606200415619,
2036-10-01,,,7.460676347899783,
2036-11-01,,,7.462529405862453,
2036-12-01,,,6.343758192387441,
2037-01-01,,,5.001710142950217,
2037-02-01,,,6.07517313723281,
2037-03-01,,,10.014488196835986,
2037-04-01,,,9.595606980958348,
2037-05-01,,,11.949930054747048,
2037-06-01,,,15.492564292143694,
2037-07-01,,,14.856280085960353,
2037-08-01,,,15.220870001039112,
2037-09-01,,,12.692364652786448,
2037-10-01,,,9.077437353390108,
2037-11-01,,,8.759270227639798,
2037-12-01,,,1.0513476492929612,
2038-01-01,,,4.338193052870111,
2038-02-01,,,4.865959833769165,
2038-03-01,,,4.5840721008109515,
2038-04-01,,,11.803335874512637,
2038-05-01,,,9.936672501077794,
2038-06-01,,,15.17778905672453,
2038-07-01,,,16.438186403833225,
2038-08-01,,,14.435917501953949,
2038-09-01,,,8.183411997248161,
2038-10-01,,,11.816903989882015,
2038-11-01,,,8.711747138899293,
2038-12-01,,,7.565275947740187,
2039-01-01,,,4.270546798223541,
2039-02-01,,,4.489272898297418,
2039-03-01,,,8.545095820872437,
2039-04-01,,,10.120407287615249,
2039-05-01,,,12.112879757541606,
2039-06-01,,,11.255401968028774,
2039-07-01,,,16.16582534894031,
2039-08-01,,,14.541585727997965,
2039-09-01,,,10.25970378399722,
2039-10-01,,,9.308572736079421,
2039-11-01,,,6.086978829165151,
2039-12-01,,,6.4574765528306175,
2040-01-01,,,7.648113789344161,
2040-02-01,,,4.873576371391837,
2040-03-01,,,7.242047367517665,
2040-04-01,,,11.891213489092975,
2040-05-01,,,12.105277620724147,
2040-06-01,,,18.063316637755396,
2040-07-01,,,13.66627974037503,
2040-08-01,,,13.810309552601503,
2040-09-01,,,12.327732788803504,
2040-10-01,,,11.23165051664828,
2040-11-01,,,7.942995829908192,
2040-12-01,,,2.8978549495027752,
2041-01-01,,,4.0669956969367345,
2041-02-01,,,8.002749615972025,
2041-03-01,,,8.742819729664522,
2041-04-01,,,9.651643060841051,
2041-05-01,,,12.172809381240375,
2041-06-01,,,14.64050371203463,
2041-07-01,,,15.914909422251204,
2041-08-01,,,10.130992766198528,
2041-09-01,,,11.937431669608475,
2041-10-01,,,8.182467786722189,
2041-11-01,,,6.140468551222143,
2041-12-01,,,5.649405219955295,
2042-01-01,,,4.152078080121372,
2042-02-01,,,6.665776275632068,
2042-03-01,,,8.601517672720336,
2042-04-01,,,9.581065638253396,
2042-05-01,,,13.216171030040579,
2042-06-01,,,11.807009723719942,
2042-07-01,,,15.747397117523896,
2042-08-01,,,14.050723733964029,
2042-09-01,,,11.62665341687298,
2042-10-01,,,11.709522148507753,
2042-11-01,,,6.378964500003183,
2042-12-01,,,4.108847663731555,
2043-01-01,,,5.379769206645,
2043-02-01,,,6.938180296128617,
2043-03-01,,,5.685687551545156,
2043-04-01,,,9.87292381343751,
2043-05-01,,,12.027462967427434,
2043-06-01,,,12.015736968132302,
2043-07-01,,,15.290629520747942,
2043-08-01,,,13.219811866187616,
2043-09-01,,,14.015140902706358,
2043-10-01,,,10.105070392218469,
2043-11-01,,,8.315060941918524,
2043-12-01,,,4.28232609538337,
2044-01-01,,,3.487257747377908,
2044-02-01,,,3.0175500391497754,
2044-03-01,,,9.611738838198264,
2044-04-01,,,9.861307324511829,
2044-05-01,,,10.682956243775907,
2044-06-01,,,14.031789063832427,
2044-07-01,,,19.28026236575835,
2044-08-01,,,16.37555414624639,
2044-09-01,,,13.007081766400395,
2044-10-01,,,9.826613825984436,
2044-11-01,,,5.410239011764972,
2044-12-01,,,5.564867900910541,
2045-01-01,,,2.3047229895126797,
2045-02-01,,,8.781991051560883,
2045-03-01,,,8.31711222952001,
2045-04-01,,,10.70128031319127,
2045-05-01,,,12.243989313751353,
2045-06-01,,,15.892461319307928,
2045-07-01,,,14.72076753184356,
2045-08-01,,,17.304571538961696,
2045-09-01,,,9.97343119603472,
2045-10-01,,,12.120970453439025,
2045-11-01,,,8.169433975806765,
2045-12-01,,,3.593743079127046,
2046-01-01,,,4.353730609733857,
2046-02-01,,,4.336634368228614,
2046-03-01,,,8.466419860913733,
2046-04-01,,,9.460715807393143,
2046-05-01,,,10.04685214860991,
2046-06-01,,,15.943628655577653,
2046-07-01,,,14.550973783204046,
2046-08-01,,,13.834085798799977,
2046-09-01,,,13.57078608859503,
2046-10-01,,,10.052397685618445,
2046-11-01,,,7.713542095522822,
2046-12-01,,,5.449712711319242,
2047-01-01,,,5.034448975251616,
2047-02-01,,,5.8944435560664665,
2047-03-01,,,7.281250920008971,
2047-04-01,,,8.979057513407948,
2047-05-01,,,10.61005326331455,
2047-06-01,,,15.698698931938315,
2047-07-01,,,16.716765467884837,
2047-08-01,,,12.501264846394415,
2047-09-01,,,12.066244668608988,
2047-10-01,,,11.414565133109772,
2047-11-01,,,4.767694600572371,
2047-12-01,,,7.709737968747383,
2048-01-01,,,7.615609341401228,
2048-02-01,,,3.2075042604096007,
2048-03-01,,,6.494421530610918,
2048-04-01,,,9.560138336540046,
2048-05-01,,,12.401525578854343,
2048-06-01,,,14.701121203020358,
2048-07-01,,,15.328843741343238,
2048-08-01,,,16.04754099566499,
2048-09-01,,,10.13148121052747,
2048-10-01,,,10.597673136718706,
2048-11-01,,,8.769133438499276,
2048-12-01,,,5.453022510475949,
2049-01-01,,,3.471651861507315,
2049-02-01,,,4.759073351464965,
2049-03-01,,,7.286578903653535,
2049-04-01,,,9.969657356191163,
2049-05-01,,,12.572633147924767,
2049-06-01,,,14.219698298040498,
2049-07-01,,,16.0990637741802,
2049-08-01,,,14.157291510217286,
2049-09-01,,,13.794032503871803,
2049-10-01,,,10.049532886762238,
2049-11-01,,,9.01875586123897,
2049-12-01,,,8.458104887093747,
2050-01-01,,,3.93356596791246,
2050-02-01,,,4.254723687096959,
2050-03-01,,,6.800862772832855,
2050-04-01,,,12.289615019045865,
2050-05-01,,,13.093679828312128,
2050-06-01,,,10.943639499585679,
2050-07-01,,,12.5017160419914,
2050-08-01,,,15.998878379025749,
2050-09-01,,,14.659245587135171,
2050-10-01,,,9.930793803415664,
2050-11-01,,,6.967312675796978,
2050-12-01,,,3.2204011146066143,
2051-01-01,,,5.721710778203882,
2051-02-01,,,4.4392324210855065,
2051-03-01,,,8.468079120917848,
2051-04-01,,,12.167899470971166,
2051-05-01,,,11.263565619844357,
2051-06-01,,,13.196072407696287,
2051-07-01,,,16.765793015441577,
2051-08-01,,,13.74735529223796,
2051-09-01,,,9.981333031974216,
2051-10-01,,,10.300945253911982,
2051-11-01,,,4.466245108490436,
2051-12-01,,,4.461319652195632,
2052-01-01,,,5.168523535685378,
2052-02-01,,,9.209555800797915,
2052-03-01,,,4.656355339656315,
2052-04-01,,,9.272024310580594,
2052-05-01,,,11.495765261518164,
2052-06-01,,,14.248655255107519,
2052-07-01,,,19.276206961965475,
2052-08-01,,,12.546940398731284,
2052-09-01,,,11.868862014911217,
2052-10-01,,,9.889326119493306,
2052-11-01,,,5.371321841496568,
2052-12-01,,,4.897303499201569,
2053-01-01,,,3.5446687644731774,
2053-02-01,,,7.311815019677052,
2053-03-01,,,6.82549253445693,
2053-04-01,,,9.935554256917186,
2053-05-01,,,12.246003109617833,
2053-06-01,,,14.30002150519185,
2053-07-01,,,12.858729905702504,
2053-08-01,,,13.694033787638464,
2053-09-01,,,14.727626536412794,
2053-10-01,,,12.033938181518087,
2053-11-01,,,8.025957941944455,
2053-12-01,,,2.173728547563716,
2054-01-01,,,6.450130677681833,
2054-02-01,,,4.3241810788903665,
2054-03-01,,,10.017503403418033,
2054-04-01,,,10.062427212275892,
2054-05-01,,,13.276374373819941,
2054-06-01,,,13.763654087275585,
2054-07-01,,,12.407014114687268,
2054-08-01,,,20.711315627366155,
2054-09-01,,,12.842426242561807,
2054-10-01,,,10.229101216270172,
2054-11-01,,,7.941987062408068,
2054-12-01,,,3.0912265666595733,
2055-01-01,,,6.413528819164121,
2055-02-01,,,7.7299161620355665,
2055-03-01,,,8.514748804515207,
2055-04-01,,,9.95353827215402,
2055-05-01,,,9.837120930926085,
2055-06-01,,,13.758247054389024,
2055-07-01,,,19.129290316388975,
2055-08-01,,,14.165329841879355,
2055-09-01,,,10.684884457747478,
2055-10-01,,,9.884911915910472,
2055-11-01,,,4.486064189823085,
2055-12-01,,,4.120355120176275,
2056-01-01,,,6.9127572538642195,
2056-02-01,,,5.542921216068569,
2056-03-01,,,7.579116667362523,
2056-04-01,,,12.12005835449562,
2056-05-01,,,12.121633029094381,
2056-06-01,,,13.632920085165601,
2056-07-01,,,16.04838900502033,
2056-08-01,,,12.756082657909483,
2056-09-01,,,11.586044047538222,
2056-10-01,,,9.505877493711898,
2056-11-01,,,8.445728213898668,
2056-12-01,,,3.958931507381015,
2057-01-01,,,5.19714389916867,
2057-02-01,,,5.756210181833041,
2057-03-01,,,9.733634266911892,
2057-04-01,,,9.329464890462527,
2057-05-01,,,12.954276534970884,
2057-06-01,,,13.202194959909331,
2057-07-01,,,13.652829986041798,
2057-08-01,,,13.421997981464093,
2057-09-01,,,10.512112545904515,
2057-10-01,,,8.855926962181728,
2057-11-01,,,3.0815201752662817,
2057-12-01,,,7.318433462508945,
2058-01-01,,,3.3344987309483174,
2058-02-01,,,3.5178595654528286,
2058-03-01,,,6.240063803237203,
2058-04-01,,,10.433450714584945,
2058-05-01,,,10.032380966065299,
2058-06-01,,,12.069268239336244,
2058-07-01,,,15.088845804518488,
2058-08-01,,,12.076805247650013,
2058-09-01,,,14.237018509977128,
2058-10-01,,,9.980889359546403,
2058-11-01,,,8.894953503724913,
2058-12-01,,,5.835771480572988,
2059-01-01,,,2.194672304659962,
2059-02-01,,,5.959496417367439,
2059-03-01,,,3.567291473551946,
2059-04-01,,,9.818126956894238,
2059-05-01,,,9.730792442844669,
2059-06-01,,,14.780961459983201,
2059-07-01,,,14.619738717042273,
2059-08-01,,,13.75699797970619,
2059-09-01,,,11.979566571177699,
2059-10-01,,,9.619243509902782,
2059-11-01,,,8.709256507583008,
2059-12-01,,,3.7569710895649724,
2060-01-01,,,5.459611237005082,
2060-02-01,,,3.4671267235721155,
2060-03-01,,,8.708689715422066,
2060-04-01,,,10.686771787641968,
2060-05-01,,,13.781239006291853,
2060-06-01,,,15.299306879097063,
2060-07-01,,,13.712956301631882,
2060-08-01,,,10.36402636672786,
2060-09-01,,,13.122298611452313,
2060-10-01,,,9.774447580219526,
2060-11-01,,,4.804899831301881,
2060-12-01,,,-0.39250881587406816,
2061-01-01,,,4.046596242812595,
2061-02-01,,,7.295689029654416,
2061-03-01,,,7.028187512913854,
2061-04-01,,,11.87222594156801,
2061-05-01,,,12.872664626218883,
2061-06-01,,,13.901785526708021,
2061-07-01,,,14.782709250625393,
2061-08-01,,,15.014356976323532,
2061-09-01,,,10.080813130874375,
2061-10-01,,,8.733580585019475,
2061-11-01,,,8.13307790580393,
2061-12-01,,,5.942637217498501,
2062-01-01,,,2.407531585500786,
2062-02-01,,,7.665139953988638,
2062-03-01,,,8.123896594086283,
2062-04-01,,,8.756000663068924,
2062-05-01,,,11.167841932058261,
2062-06-01,,,14.06691285560321,
2062-07-01,,,15.572293061424556,
2062-08-01,,,13.457676314863585,
2062-09-01,,,10.970005583241596,
2062-10-01,,,9.829953102545296,
2062-11-01,,,8.459153283959605,
2062-12-01,,,4.274164519609339,
2063-01-01,,,4.068487619015969,
2063-02-01,,,5.24669258075618,
2063-03-01,,,7.708638963405683,
2063-04-01,,,9.935427277532986,
2063-05-01,,,13.552137512936925,
2063-06-01,,,13.742050408103214,
2063-07-01,,,15.53566612322945,
2063-08-01,,,13.613616718959694,
2063-09-01,,,15.254967811565193,
2063-10-01,,,10.738685316787699,
2063-11-01,,,9.176614660431769,
2063-12-01,,,4.974626683031687,
2064-01-01,,,5.545457462367369,
2064-02-01,,,4.833839792315139,
2064-03-01,,,8.83910268094045,
2064-04-01,,,8.906038719711281,
2064-05-01,,,11.788380396694805,
2064-06-01,,,12.363502364587694,
2064-07-01,,,17.522617677022847,
2064-08-01,,,13.673432341266551,
2064-09-01,,,11.840616502469674,
2064-10-01,,,10.147846281219364,
2064-11-01,,,9.320408087027815,
2064-12-01,,,4.308315074735692,
2065-01-01,,,4.029835152131635,
2065-02-01,,,4.444813794539326,
2065-03-01,,,3.5423128481521093,
2065-04-01,,,11.379922359794373,
2065-05-01,,,14.601958363742414,
2065-06-01,,,13.693532944253223,
2065-07-01,,,13.851163030302144,
2065-08-01,,,12.516941422129648,
2065-09-01,,,13.815253843266902,
2065-10-01,,,8.423399350318068,
2065-11-01,,,8.497168837642759,
2065-12-01,,,7.882842764773428,
2066-01-01,,,4.371437715249428,
2066-02-01,,,2.889416937287765,
2066-03-01,,,7.050089607400322,
2066-04-01,,,7.678748639011614,
2066-05-01,,,15.235262607302419,
2066-06-01,,,13.10565789302252,
2066-07-01,,,13.460547241628772,
2066-08-01,,,11.782170323936935,
2066-09-01,,,11.786955454979255,
2066-10-01,,,10.050227725848261,
2066-11-01,,,7.663246724392358,
2066-12-01,,,8.019844206071479,
2067-01-01,,,1.1273972731341226,
2067-02-01,,,7.027204138101699,
2067-03-01,,,8.810376207265419,
2067-04-01,,,10.205399026570253,
2067-05-01,,,12.94739822433236,
2067-06-01,,,16.14739085732081,
2067-07-01,,,13.444247211896085,
2067-08-01,,,12.678945734304742,
2067-09-01,,,11.80765555606004,
2067-10-01,,,12.955939497158665,
2067-11-01,,,6.9845920180790255,
2067-12-01,,,7.279562910933665,
2068-01-01,,,2.975250618293521,
2068-02-01,,,7.904968348943078,
2068-03-01,,,5.468352572076597,
2068-04-01,,,10.277062877822901,
2068-05-01,,,13.724170457445274,
2068-06-01,,,17.706393365221107,
2068-07-01,,,12.861431769480145,
2068-08-01,,,11.809274714122106,
2068-09-01,,,10.432505927135404,
2068-10-01,,,10.787311089197322,
2068-11-01,,,3.5122299221301105,
2068-12-01,,,0.12956053418760494,
2069-01-01,,,5.206327770882516,
2069-02-01,,,6.815947736814771,
2069-03-01,,,9.586059793489138,
2069-04-01,,,11.560968520129101,
2069-05-01,,,10.186948438623668,
2069-06-01,,,14.515005405864295,
2069-07-01,,,19.555517834058737,
2069-08-01,,,14.852908675599963,
2069-09-01,,,11.234138748832413,
2069-10-01,,,11.124299334149871,
2069-11-01,,,4.720016562055016,
2069-12-01,,,3.4805871025044297,
2070-01-01,,,2.0129148053577666,
2070-02-01,,,8.20745500228584,
2070-03-01,,,7.374186782844018,
2070-04-01,,,11.863402901022555,
2070-05-01,,,12.290511368620422,
2070-06-01,,,15.553200521601092,
2070-07-01,,,15.614090042574677,
2070-08-01,,,12.057521192345943,
2070-09-01,,,10.90885012210911,
2070-10-01,,,11.358256880507827,
2070-11-01,,,6.722952267247724,
2070-12-01,,,8.439452105740106,
2071-01-01,,,3.9860996632970362,
2071-02-01,,,8.810494357002865,
2071-03-01,,,10.437439901326437,
2071-04-01,,,11.861799150254987,
2071-05-01,,,10.754653734087535,
2071-06-01,,,15.518174483160465,
2071-07-01,,,15.145623521623845,
2071-08-01,,,12.577717035465115,
2071-09-01,,,11.769382006111114,
2071-10-01,,,10.219487017567243,
2071-11-01,,,7.5605257582886685,
2071-12-01,,,4.711875124254442,
2072-01-01,,,6.881311532709078,
2072-02-01,,,5.711309016552118,
2072-03-01,,,9.017419303356355,
2072-04-01,,,12.336227542496987,
2072-05-01,,,14.128993931672417,
2072-06-01,,,15.594386163476187,
2072-07-01,,,13.753628616175476,
2072-08-01,,,10.947523412711192,
2072-09-01,,,10.627815178270211,
2072-10-01,,,8.630239738298739,
2072-11-01,,,6.971421559421197,
2072-12-01,,,5.183482101634411,
2073-01-01,,,3.3671210412972137,
2073-02-01,,,7.56264579042687,
2073-03-01,,,8.52992255973742,
2073-04-01,,,10.133399727671236,
2073-05-01,,,12.25705498751585,
2073-06-01,,,13.873853604796132,
2073-07-01,,,15.729100384326166,
2073-08-01,,,15.619259710375026,
2073-09-01,,,10.85293873358455,
2073-10-01,,,8.316263819497058,
2073-11-01,,,6.15482162456955,
2073-12-01,,,3.40323410660404,
2074-01-01,,,7.258351346982402,
2074-02-01,,,2.926627824930272,
2074-03-01,,,6.129045008049439,
2074-04-01,,,10.671442202490887,
2074-05-01,,,12.115322397412195,
2074-06-01,,,11.962547442140371,
2074-07-01,,,13.226054448006039,
2074-08-01,,,15.20950193984842,
2074-09-01,,,12.427920816311191,
2074-10-01,,,10.486870604425674,
2074-11-01,,,6.563481208123852,
2074-12-01,,,4.477817089940788,
2075-01-01,,,4.348021418293686,
2075-02-01,,,4.186419318274588,
2075-03-01,,,7.2269970404881905,
2075-04-01,,,11.00351663156244,
2075-05-01,,,11.096696272666103,
2075-06-01,,,14.435560480387213,
2075-07-01,,,13.894038979281467,
2075-08-01,,,12.29722199094612,
2075-09-01,,,12.04113238424945,
2075-10-01,,,9.544772997277837,
2075-11-01,,,6.512204255754247,
2075-12-01,,,7.365446267503785,
2076-01-01,,,5.223797930227559,
2076-02-01,,,4.058996957043107,
2076-03-01,,,8.454582517496084,
2076-04-01,,,9.397991486904191,
2076-05-01,,,13.329330997898586,
2076-06-01,,,10.52935566184493,
2076-07-01,,,12.669037832343005,
2076-08-01,,,14.921772265602371,
2076-09-01,,,11.207876178208409,
2076-10-01,,,9.075643968460538,
2076-11-01,,,7.495344862096122,
2076-12-01,,,4.537484401418088,
2077-01-01,,,6.758569101236193,
2077-02-01,,,3.7130799089571362,
2077-03-01,,,5.642160504873643,
2077-04-01,,,9.267527454729949,
2077-05-01,,,12.201263814256922,
2077-06-01,,,15.744666708472025,
2077-07-01,,,15.696152619273832,
2077-08-01,,,12.636945750115588,
2077-09-01,,,13.99945710961674,
2077-10-01,,,11.612879162852781,
2077-11-01,,,10.009822256647443,
2077-12-01,,,3.9789050117360145,
2078-01-01,,,5.618858642629186,
2078-02-01,,,6.911687056933749,
2078-03-01,,,7.4486536910939245,
2078-04-01,,,10.613866959217205,
2078-05-01,,,11.619130505976658,
2078-06-01,,,14.368458564109385,
2078-07-01,,,14.321920797075986,
2078-08-01,,,13.50485086666812,
2078-09-01,,,10.376610314952524,
2078-10-01,,,8.5658709608662,
2078-11-01,,,7.210599168560202,
2078-12-01,,,4.600575645248075,
2079-01-01,,,3.993494055703874,
2079-02-01,,,7.605221009074526,
2079-03-01,,,8.194827610193032,
2079-04-01,,,12.098482410990561,
2079-05-01,,,11.8895017136314,
2079-06-01,,,14.098501925427275,
2079-07-01,,,15.503979645490112,
2079-08-01,,,15.651173269468233,
2079-09-01,,,11.784386551384703,
2079-10-01,,,11.882704896394976,
2079-11-01,,,6.4619757156333115,
2079-12-01,,,6.283693017861888,
2080-01-01,,,4.402308154451166,
2080-02-01,,,7.0156732759124125,
2080-03-01,,,9.803071254526929,
2080-04-01,,,9.513396991845758,
2080-05-01,,,12.619479002284175,
2080-06-01,,,15.911350254096794,
2080-07-01,,,22.35476534816902,
2080-08-01,,,14.334793394521672,
2080-09-01,,,13.567307092401686,
2080-10-01,,,9.709978831057926,
2080-11-01,,,5.418747408799776,
2080-12-01,,,4.325912578062516,
2081-01-01,,,3.6273633067058615,
2081-02-01,,,4.892664757735093,
2081-03-01,,,7.872769220183766,
2081-04-01,,,10.2416302675083,
2081-05-01,,,10.998757290511607,
2081-06-01,,,16.864871210203777,
2081-07-01,,,20.577730264138676,
2081-08-01,,,17.064454490006124,
2081-09-01,,,11.990257711716312,
2081-10-01,,,12.49958451290567,
2081-11-01,,,8.531472076367425,
2081-12-01,,,3.7910668873905125,
2082-01-01,,,3.6755665436161093,
2082-02-01,,,5.219968217897569,
2082-03-01,,,6.953243866296739,
2082-04-01,,,10.722582456604352,
2082-05-01,,,12.178612866648143,
2082-06-01,,,11.127278164490624,
2082-07-01,,,16.42591698319916,
2082-08-01,,,11.91607089213049,
2082-09-01,,,12.528183796810456,
2082-10-01,,,7.2803028953975,
2082-11-01,,,6.172636407869081,
2082-12-01,,,5.555837020273633,
2083-01-01,,,4.295046447685165,
2083-02-01,,,4.96036557357039,
2083-03-01,,,7.248820183344003,
2083-04-01,,,10.068543151779027,
2083-05-01,,,10.755170904404215,
2083-06-01,,,14.354923561676065,
2083-07-01,,,15.988541522785557,
2083-08-01,,,13.591338658121584,
2083-09-01,,,12.372983710909326,
2083-10-01,,,7.883573549800856,
2083-11-01,,,5.19878363284296,
2083-12-01,,,3.2436114911870124,
2084-01-01,,,7.411478736608652,
2084-02-01,,,4.096243372191626,
2084-03-01,,,8.201431536479825,
2084-04-01,,,10.24395247719078,
2084-05-01,,,14.158000753471764,
2084-06-01,,,15.853212723670831,
2084-07-01,,,16.211088556649,
2084-08-01,,,15.073377541625904,
2084-09-01,,,13.106659862085335,
2084-10-01,,,11.169768237063133,
2084-11-01,,,9.052882541850101,
2084-12-01,,,4.407078341865906,
2085-01-01,,,0.8226871513524783,
2085-02-01,,,3.2902526882375005,
2085-03-01,,,7.338616241360753,
2085-04-01,,,9.570155480251914,
2085-05-01,,,12.90195976533583,
2085-06-01,,,15.084260007480175,
2085-07-01,,,18.37184994041691,
2085-08-01,,,14.513945701960495,
2085-09-01,,,12.846527221325111,
2085-10-01,,,10.335813434766829,
2085-11-01,,,5.868215258951309,
2085-12-01,,,8.276010693827653,
2086-01-01,,,3.3088360480328776,
2086-02-01,,,4.330031094370727,
2086-03-01,,,7.1668963912472,
2086-04-01,,,10.696525283558984,
2086-05-01,,,12.718356632170751,
2086-06-01,,,14.385949357738244,
2086-07-01,,,16.033517143876022,
2086-08-01,,,12.675221858670868,
2086-09-01,,,16.529482625146862,
2086-10-01,,,10.730989352255195,
2086-11-01,,,5.335031160152112,
2086-12-01,,,4.939957666884195,
2087-01-01,,,2.8746045714226995,
2087-02-01,,,4.6007822070058975,
2087-03-01,,,9.063327147355508,
2087-04-01,,,10.560614753189407,
2087-05-01,,,11.202675126895562,
2087-06-01,,,16.249253403455988,
2087-07-01,,,14.733398852686987,
2087-08-01,,,16.180637847086267,
2087-09-01,,,10.180971134955211,
2087-10-01,,,10.176152995627156,
2087-11-01,,,7.46179164017332,
2087-12-01,,,3.9023144378718033,
2088-01-01,,,3.1219920385728583,
2088-02-01,,,3.099732389954369,
2088-03-01,,,8.83160265599104,
2088-04-01,,,10.72337044337706,
2088-05-01,,,15.597515658186012,
2088-06-01,,,15.295318653495592,
2088-07-01,,,15.37591152076963,
2088-08-01,,,14.72115804486684,
2088-09-01,,,14.50428574657829,
2088-10-01,,,9.422792841335779,
2088-11-01,,,5.570630623877043,
2088-12-01,,,6.314961745865239,
2089-01-01,,,6.398081683006364,
2089-02-01,,,6.05430064470966,
2089-03-01,,,9.102794710982712,
2089-04-01,,,9.094208942162947,
2089-05-01,,,10.75751832284284,
2089-06-01,,,14.488251985270365,
2089-07-01,,,18.43779819161549,
2089-08-01,,,12.067041795461956,
2089-09-01,,,10.102951688683746,
2089-10-01,,,11.517306643685593,
2089-11-01,,,7.894816522573029,
2089-12-01,,,8.8915506923893,
2090-01-01,,,4.524187487283689,
2090-02-01,,,6.792066397573363,
2090-03-01,,,7.1076603544809265,
2090-04-01,,,11.410317835460841,
2090-05-01,,,13.45004824504589,
2090-06-01,,,14.924662257662941,
2090-07-01,,,14.532802711173833,
2090-08-01,,,15.956239657472839,
2090-09-01,,,9.937950672243561,
2090-10-01,,,11.527085572048577,
2090-11-01,,,6.603974259337439,
2090-12-01,,,4.803910654710949,
2091-01-01,,,3.1237342114584243,
2091-02-01,,,2.7598630771353214,
2091-03-01,,,5.407631478499504,
2091-04-01,,,9.73668853366489,
2091-05-01,,,10.284391494285481,
2091-06-01,,,13.09097355237587,
2091-07-01,,,16.293292329206952,
2091-08-01,,,14.581060160468555,
2091-09-01,,,14.58569075970375,
2091-10-01,,,12.577900516803256,
2091-11-01,,,7.395782935636026,
2091-12-01,,,4.555529193592139,
2092-01-01,,,5.0943571647649275,
2092-02-01,,,4.37880642093278,
2092-03-01,,,7.783082697517834,
2092-04-01,,,8.609922884789372,
2092-05-01,,,11.584354531081205,
2092-06-01,,,13.292803958925258,
2092-07-01,,,14.380851281169845,
2092-08-01,,,11.267810908383597,
2092-09-01,,,13.745307247900648,
2092-10-01,,,10.316718850605007,
2092-11-01,,,9.62038418638236,
2092-12-01,,,4.432588496248952,
2093-01-01,,,5.307959820040259,
2093-02-01,,,4.816207857622579,
2093-03-01,,,9.890771132672521,
2093-04-01,,,9.793680213466065,
2093-05-01,,,11.008899692927766,
2093-06-01,,,14.850015810469843,
2093-07-01,,,14.34126435409709,
2093-08-01,,,13.92708311730174,
2093-09-01,,,12.196608464555606,
2093-10-01,,,7.164336591437167,
2093-11-01,,,5.822466407335899,
2093-12-01,,,6.848906259130413,
2094-01-01,,,3.1585713648623823,
2094-02-01,,,8.265325252058789,
2094-03-01,,,7.604702234929883,
2094-04-01,,,10.546272222592737,
2094-05-01,,,13.675885713014141,
2094-06-01,,,13.851064173406805,
2094-07-01,,,13.768600354323492,
2094-08-01,,,13.639448956286225,
2094-09-01,,,15.428245046570854,
2094-10-01,,,8.755641192816011,
2094-11-01,,,7.020888779086706,
2094-12-01,,,3.1300915308104194,
2095-01-01,,,5.669500508892734,
2095-02-01,,,4.177903859463352,
2095-03-01,,,6.50383029775591,
2095-04-01,,,7.414678532768207,
2095-05-01,,,10.192342993178151,
2095-06-01,,,20.642996127994596,
2095-07-01,,,13.676992445154575,
2095-08-01,,,17.25285342946519,
2095-09-01,,,12.8323018010051,
2095-10-01,,,9.475934481502433,
2095-11-01,,,5.0926934076759505,
2095-12-01,,,8.530759367964285,
2096-01-01,,,5.487905346073937,
2096-02-01,,,4.794237758438935,
2096-03-01,,,9.059987554261037,
2096-04-01,,,9.917456402087552,
2096-05-01,,,13.06318906220597,
2096-06-01,,,13.463669740612312,
2096-07-01,,,14.502202257391728,
2096-08-01,,,15.714483970130042,
2096-09-01,,,12.701850864648863,
2096-10-01,,,8.90949481904667,
2096-11-01,,,9.126657249835072,
2096-12-01,,,4.801640385226297,
2097-01-01,,,5.725733012461775,
2097-02-01,,,2.853932649535046,
2097-03-01,,,8.598644737331425,
2097-04-01,,,9.974684381744801,
2097-05-01,,,9.683299703599452,
2097-06-01,,,15.440874546327528,
2097-07-01,,,16.13100860505024,
2097-08-01,,,13.859997302851264,
2097-09-01,,,12.65219051309461,
2097-10-01,,,9.103572218798291,
2097-11-01,,,8.027491626742556,
2097-12-01,,,8.50849680062453,
2098-01-01,,,4.037828938998843,
2098-02-01,,,6.274745431576052,
2098-03-01,,,9.123876278520218,
2098-04-01,,,10.563394020608891,
2098-05-01,,,11.006804192952401,
2098-06-01,,,14.379514323782175,
2098-07-01,,,13.986294064464742,
2098-08-01,,,13.979370991456204,
2098-09-01,,,10.001196425391093,
2098-10-01,,,13.3557618768997,
2098-11-01,,,6.572634885707979,
2098-12-01,,,2.9317489924403324,
2099-01-01,,,4.70701106017225,
2099-02-01,,,4.928892238862957,
2099-03-01,,,7.392281693168037,
2099-04-01,,,10.743421676095934,
2099-05-01,,,13.453613444429312,
2099-06-01,,,13.676283971129083,
2099-07-01,,,16.012765991150182,
2099-08-01,,,14.004178137067765,
2099-09-01,,,12.296530385214425,
2099-10-01,,,10.15623534152212,
2099-11-01,,,8.447556946231227,
2099-12-01,,,4.557614335147853,
